begin,close,signal
2023-12-22,249.35,Hold
2023-12-25,248.5,Hold
2023-12-26,248.85,Hold
2023-12-27,247.65,Hold
2023-12-28,248.55,Hold
2023-12-29,248.45,Hold
2024-01-03,250.2,Hold
2024-01-04,250.4,Hold
2024-01-05,251.6,Hold
2024-01-08,254.5,Hold
2024-01-09,261.35,Hold
2024-01-10,263.7,Hold
2024-01-11,262.75,Hold
2024-01-12,266.85,Hold
2024-01-15,266.8,Sell
2024-01-16,265.4,Sell
2024-01-17,263.95,Sell
2024-01-18,264.35,Sell
2024-01-19,262.85,Sell
2024-01-22,264.35,Sell
2024-01-23,265.45,Sell
2024-01-24,269.25,Sell
2024-01-25,269.15,Sell
2024-01-26,270.8,Sell
2024-01-29,273.6,Sell
2024-01-30,272.85,Sell
2024-01-31,274.8,Sell
2024-02-01,275.1,Sell
2024-02-02,275.6,Sell
2024-02-05,279.8,Sell
2024-02-06,278.9,Sell
2024-02-07,277.15,Sell
2024-02-08,275.65,Sell
2024-02-09,277.7,Sell
2024-02-12,277.15,Sell
2024-02-13,280.9,Sell
2024-02-14,283.25,Sell
2024-02-15,281.0,Hold
2024-02-16,279.9,Hold
2024-02-19,279.35,Hold
2024-02-20,275.0,Hold
2024-02-21,278.0,Hold
2024-02-22,278.55,Hold
2024-02-26,282.05,Hold
2024-02-27,281.9,Hold
2024-02-28,284.5,Hold
2024-02-29,290.9,Sell
2024-03-01,290.65,Sell
2024-03-04,291.5,Sell
2024-03-05,290.15,Hold
2024-03-06,288.85,Hold
2024-03-07,290.75,Hold
2024-03-11,290.95,Sell
2024-03-12,293.65,Sell
2024-03-13,296.3,Sell
2024-03-14,291.8,Sell
2024-03-15,294.4,Sell
2024-03-18,292.2,Hold
2024-03-19,288.9,Hold
2024-03-20,292.8,Hold
2024-03-21,292.55,Hold
2024-03-22,289.1,Hold
2024-03-25,290.25,Hold
2024-03-26,296.15,Hold
2024-03-27,299.4,Hold
2024-03-28,298.6,Hold
2024-03-29,297.8,Hold
2024-04-01,301.35,Hold
2024-04-02,300.65,Hold
2024-04-03,302.75,Hold
2024-04-04,298.95,Hold
2024-04-05,300.6,Hold
2024-04-08,303.4,Sell
2024-04-09,301.65,Hold
2024-04-10,303.15,Hold
2024-04-11,306.5,Sell
2024-04-12,304.9,Sell
2024-04-15,311.35,Sell
2024-04-16,319.8,Sell
2024-04-17,317.85,Sell
2024-04-18,316.7,Sell
2024-04-19,318.2,Sell
2024-04-22,319.85,Sell
2024-04-23,311.0,Hold
2024-04-24,309.15,Hold
2024-04-25,309.4,Hold
2024-04-26,310.05,Hold
2024-04-27,312.4,Hold
2024-04-29,311.5,Hold
2024-04-30,309.95,Hold
2024-05-02,309.85,Hold
2024-05-03,308.85,Hold
2024-05-06,308.1,Buy
2024-05-07,308.45,Buy
2024-05-08,310.7,Hold
2024-05-10,312.15,Hold
2024-05-13,313.1,Hold
2024-05-14,312.1,Hold
2024-05-15,313.05,Hold
2024-05-16,312.6,Hold
2024-05-17,311.3,Hold
2024-05-20,309.7,Hold
2024-05-21,308.0,Hold
2024-05-22,307.55,Hold
2024-05-23,306.45,Hold
2024-05-24,304.1,Hold
2024-05-27,301.5,Hold
2024-05-28,300.85,Buy
2024-05-29,299.05,Buy
2024-05-30,292.95,Buy
2024-05-31,282.95,Buy
2024-06-03,286.9,Buy
2024-06-04,296.7,Hold
2024-06-05,293.15,Buy
2024-06-06,293.1,Hold
2024-06-07,295.9,Hold
2024-06-10,289.95,Hold
2024-06-11,288.25,Hold
2024-06-13,290.9,Hold
2024-06-14,292.8,Hold
2024-06-17,289.8,Hold
2024-06-18,286.65,Hold
2024-06-19,284.0,Hold
2024-06-20,290.0,Hold
2024-06-21,286.0,Hold
2024-06-24,289.2,Hold
2024-06-25,292.5,Hold
2024-06-26,290.5,Hold
2024-06-27,292.0,Hold
2024-06-28,290.9,Hold
2024-07-01,296.45,Hold
2024-07-02,295.2,Hold
2024-07-03,292.2,Hold
2024-07-04,288.55,Hold
2024-07-05,289.9,Hold
2024-07-08,289.75,Hold
2024-07-09,280.2,Hold
2024-07-10,264.7,Buy
2024-07-11,276.4,Hold
2024-07-12,270.45,Hold
2024-07-15,260.6,Buy
2024-07-16,220.85,Buy
2024-07-17,222.7,Buy
2024-07-18,229.0,Buy
2024-07-19,238.25,Buy
2024-07-22,239.5,Buy
2024-07-23,239.95,Buy
2024-07-24,239.85,Buy
2024-07-25,237.8,Buy
2024-07-26,230.8,Buy
2024-07-29,225.1,Buy
2024-07-30,227.35,Hold
2024-07-31,229.95,Buy
2024-08-01,226.45,Buy
2024-08-02,225.0,Buy
2024-08-05,220.3,Hold
2024-08-06,222.25,Hold
2024-08-07,223.5,Hold
2024-08-08,223.2,Buy
2024-08-09,222.55,Buy
2024-08-12,222.55,Buy
2024-08-13,224.95,Buy
2024-08-14,222.5,Buy
2024-08-15,222.6,Hold
2024-08-16,218.7,Hold
2024-08-19,216.5,Hold
2024-08-20,212.8,Buy
2024-08-21,207.15,Buy
2024-08-22,195.0,Buy
2024-08-23,195.35,Buy
2024-08-26,201.15,Buy
2024-08-27,197.85,Buy
2024-08-28,196.6,Buy
2024-08-29,198.15,Buy
2024-08-30,191.7,Buy
2024-09-02,185.9,Buy
2024-09-03,189.3,Buy
2024-09-04,191.35,Buy
2024-09-05,194.3,Buy
2024-09-06,193.55,Buy
2024-09-09,198.9,Hold
2024-09-10,198.95,Hold
2024-09-11,196.2,Hold
2024-09-12,195.3,Hold
2024-09-13,196.0,Hold
2024-09-16,207.5,Hold
2024-09-17,209.55,Hold
2024-09-18,204.9,Hold
2024-09-19,206.4,Hold
2024-09-20,204.8,Sell
2024-09-23,205.35,Sell
2024-09-24,209.6,Sell
2024-09-25,206.2,Hold
2024-09-26,206.8,Hold
2024-09-27,206.7,Hold
2024-09-30,206.6,Hold
2024-10-01,208.3,Hold
2024-10-02,204.8,Hold
2024-10-03,206.3,Hold
2024-10-04,207.4,Hold
2024-10-07,205.55,Hold
2024-10-08,205.85,Hold
2024-10-09,206.6,Hold
2024-10-10,205.95,Hold
2024-10-11,205.55,Hold
2024-10-14,206.2,Hold
2024-10-15,207.45,Hold
2024-10-16,206.25,Hold
2024-10-17,204.1,Hold
2024-10-18,204.45,Hold
2024-10-21,205.2,Hold
2024-10-22,200.75,Hold
2024-10-23,198.35,Buy
2024-10-24,197.9,Buy
2024-10-25,193.6,Buy
2024-10-28,188.9,Buy
2024-10-29,186.6,Buy
2024-10-30,185.1,Buy
2024-10-31,182.35,Buy
2024-11-01,185.45,Buy
2024-11-02,187.0,Buy
2024-11-05,186.45,Buy
2024-11-06,189.45,Buy
2024-11-07,191.85,Hold
2024-11-08,198.25,Hold
2024-11-11,203.75,Hold
2024-11-12,197.6,Hold
2024-11-13,198.35,Hold
2024-11-14,195.8,Hold
2024-11-15,198.15,Hold
2024-11-18,196.1,Hold
2024-11-19,186.5,Hold
2024-11-20,183.5,Hold
2024-11-21,180.05,Hold
2024-11-22,176.7,Hold
2024-11-25,171.1,Hold
2024-11-26,169.9,Hold
2024-11-27,175.4,Hold
2024-11-28,177.55,Hold
2024-11-29,181.65,Buy
2024-12-02,177.75,Buy
2024-12-03,171.85,Buy
2024-12-04,166.15,Buy
2024-12-05,171.05,Buy
2024-12-06,174.1,Hold
2024-12-09,174.2,Hold
2024-12-10,170.25,Hold
2024-12-11,169.65,Hold
2024-12-12,168.65,Hold
2024-12-13,170.8,Hold
2024-12-16,164.95,Hold
2024-12-17,163.9,Hold
2024-12-18,166.7,Hold
2024-12-19,171.25,Hold
2024-12-20,195.2,Hold
2024-12-23,193.6,Hold
2024-12-24,194.8,Sell
2024-12-25,196.45,Sell
2024-12-26,196.0,Sell
2024-12-27,196.0,Sell
2024-12-28,202.0,Sell
2024-12-30,210.65,Sell
2025-01-03,205.3,Sell
2025-01-06,204.45,Sell
2025-01-08,207.9,Sell
2025-01-09,203.55,Sell
2025-01-10,212.6,Sell
2025-01-13,210.9,Sell
2025-01-14,216.3,Sell
2025-01-15,219.1,Sell
2025-01-16,219.0,Sell
2025-01-17,221.75,Sell
2025-01-20,223.6,Sell
2025-01-21,224.3,Sell
2025-01-22,223.3,Sell
2025-01-23,222.0,Hold
2025-01-24,225.35,Sell
2025-01-27,220.0,Hold
2025-01-28,221.75,Hold
2025-01-29,226.35,Sell
2025-01-30,231.7,Sell
2025-01-31,228.0,Sell
2025-02-03,228.9,Hold
2025-02-04,228.45,Hold
2025-02-05,230.0,Hold
2025-02-06,227.15,Hold
2025-02-07,225.0,Hold
2025-02-10,229.5,Hold
2025-02-11,236.5,Hold
2025-02-12,250.8,Sell
2025-02-13,250.05,Sell
2025-02-14,251.45,Sell
2025-02-17,253.85,Sell
2025-02-18,246.0,Hold
2025-02-19,251.3,Hold
2025-02-20,251.9,Sell
2025-02-21,253.8,Sell
2025-02-24,254.3,Sell
2025-02-25,253.05,Sell
2025-02-26,248.8,Hold
2025-02-27,241.45,Hold
2025-02-28,249.05,Hold
2025-03-01,248.45,Hold
2025-03-02,247.05,Hold
2025-03-03,239.3,Hold
2025-03-04,248.7,Hold
2025-03-05,245.55,Hold
2025-03-06,243.15,Hold
2025-03-07,242.0,Hold
2025-03-10,239.75,Hold
2025-03-11,240.8,Hold
2025-03-12,240.35,Hold
2025-03-13,244.7,Hold
2025-03-14,246.45,Hold
2025-03-15,247.2,Hold
2025-03-16,249.5,Hold
2025-03-17,247.6,Hold
2025-03-18,243.2,Hold
2025-03-19,242.75,Hold
2025-03-20,240.4,Hold
2025-03-21,239.1,Hold
2025-03-24,237.5,Hold
2025-03-25,238.65,Hold
2025-03-26,235.0,Hold
2025-03-27,231.0,Hold
2025-03-28,224.3,Buy
2025-03-29,221.3,Buy
2025-03-30,218.0,Buy
2025-03-31,227.2,Buy
2025-04-01,221.15,Buy
2025-04-02,222.15,Buy
2025-04-03,219.75,Buy
2025-04-04,209.05,Buy
2025-04-05,207.5,Buy
2025-04-06,213.3,Buy
2025-04-07,204.6,Buy
2025-04-08,202.1,Buy
2025-04-09,216.05,Hold
2025-04-10,218.75,Hold
2025-04-11,219.8,Hold
2025-04-12,221.35,Hold
2025-04-13,221.05,Hold
2025-04-14,215.5,Hold
2025-04-15,215.5,Hold
2025-04-16,215.75,Hold
2025-04-17,217.15,Hold
2025-04-18,214.35,Hold
2025-04-21,216.8,Hold
2025-04-22,216.4,Hold
2025-04-23,215.95,Hold
2025-04-24,216.35,Sell
2025-04-25,218.9,Hold
2025-04-26,219.7,Hold
2025-04-27,219.6,Hold
2025-04-28,220.05,Hold
2025-04-29,217.35,Hold
2025-04-30,216.3,Hold
2025-05-02,209.1,Hold
2025-05-03,209.8,Hold
2025-05-04,211.85,Hold
2025-05-05,208.3,Hold
2025-05-06,212.85,Hold
2025-05-07,215.4,Hold
2025-05-08,215.1,Hold
2025-05-10,215.4,Hold
2025-05-11,217.2,Hold
2025-05-12,220.65,Hold
2025-05-13,219.3,Hold
2025-05-14,215.65,Hold
2025-05-15,218.8,Hold
2025-05-16,216.55,Hold
2025-05-17,219.1,Hold
2025-05-18,221.95,Hold
2025-05-19,216.65,Hold
2025-05-20,219.9,Hold
2025-05-21,216.05,Hold
2025-05-22,217.15,Hold
2025-05-23,214.5,Hold
2025-05-26,210.1,Hold
2025-05-27,213.0,Hold
2025-05-28,217.1,Hold
2025-05-29,214.0,Hold
2025-05-30,216.95,Hold
2025-05-31,218.05,Hold
2025-06-01,214.45,Hold
2025-06-02,218.9,Hold
2025-06-03,227.9,Hold
2025-06-04,226.35,Hold
2025-06-05,231.9,Hold
2025-06-06,225.6,Hold
2025-06-07,227.0,Hold
2025-06-08,227.05,Hold
2025-06-09,224.05,Hold
2025-06-10,222.7,Hold
2025-06-11,223.95,Hold
2025-06-13,223.9,Hold
2025-06-14,225.1,Hold
2025-06-15,225.95,Hold
2025-06-16,225.55,Hold
2025-06-17,226.05,Hold
2025-06-18,228.45,Hold
2025-06-19,229.05,Hold
2025-06-20,228.5,Hold
2025-06-23,227.2,Hold
2025-06-24,234.95,Hold
2025-06-25,235.6,Hold
2025-06-26,234.0,Sell
2025-06-27,234.5,Sell
2025-06-28,236.3,Sell
2025-06-29,237.15,Sell
2025-06-30,237.9,Sell
2025-07-01,236.45,Sell
2025-07-02,234.1,Hold
2025-07-03,228.5,Hold
2025-07-04,225.5,Hold
2025-07-05,218.25,Hold
2025-07-07,193.8,Buy
2025-07-08,195.95,Buy
2025-07-09,193.95,Buy
2025-07-10,197.0,Buy
2025-07-11,193.65,Buy
2025-07-12,192.75,Buy
2025-07-13,191.9,Buy
2025-07-14,194.4,Buy
2025-07-15,200.75,Buy
2025-07-16,202.15,Buy
2025-07-17,202.2,Buy
2025-07-18,208.65,Hold
2025-07-19,209.95,Hold
2025-07-20,210.4,Hold
2025-07-21,209.45,Sell
2025-07-22,210.0,Sell
2025-07-23,210.85,Sell
2025-07-24,211.05,Sell
2025-07-25,209.35,Sell
2025-07-26,209.7,Sell
2025-07-27,209.2,Sell
2025-07-28,206.75,Sell
2025-07-29,206.8,Hold
2025-07-30,205.35,Hold
2025-07-31,209.75,Hold
2025-08-01,208.0,Hold
2025-08-04,208.2,Hold
2025-08-05,212.2,Hold
2025-08-06,213.0,Hold
2025-08-07,217.05,Hold
2025-08-08,221.95,Sell
2025-08-11,220.35,Hold
2025-08-12,221.8,Sell
2025-08-13,222.1,Sell
2025-08-14,222.75,Sell
2025-08-15,224.6,Sell
2025-08-16,222.75,Sell
2025-08-17,222.8,Sell
2025-08-18,225.1,Sell
2025-08-19,225.6,Sell
2025-08-20,226.25,Sell
2025-08-21,223.8,Sell
2025-08-22,224.9,Sell
2025-08-23,225.2,Sell
2025-08-24,224.4,Hold
2025-08-25,220.3,Hold
2025-08-26,224.0,Hold
2025-08-27,224.0,Hold
2025-08-28,219.9,Hold
2025-08-29,217.95,Hold
2025-08-30,218.05,Hold
2025-08-31,219.15,Hold
2025-09-01,218.45,Hold
2025-09-02,218.35,Hold
2025-09-03,220.0,Hold
2025-09-04,222.15,Hold
2025-09-05,224.5,Hold
2025-09-06,224.95,Hold
2025-09-07,225.3,Hold
2025-09-08,224.15,Hold
2025-09-09,223.5,Hold
2025-09-10,220.0,Hold
2025-09-11,219.9,Hold
2025-09-12,213.6,Hold
2025-09-13,213.2,Hold
2025-09-14,214.45,Hold
2025-09-15,211.75,Hold
2025-09-16,212.35,Hold
2025-09-17,214.15,Hold
2025-09-18,212.2,Buy
2025-09-19,208.1,Buy
2025-09-22,208.45,Buy
2025-09-23,207.5,Buy
2025-09-24,209.25,Buy
2025-09-25,205.95,Buy
2025-09-26,207.8,Buy
2025-09-27,208.0,Buy
2025-09-28,207.35,Hold
2025-09-29,207.55,Hold
2025-09-30,205.05,Buy
2025-10-01,204.35,Hold
2025-10-02,202.5,Buy
2025-10-03,201.0,Buy
2025-10-04,200.2,Buy
2025-10-05,200.7,Buy
2025-10-06,202.75,Hold
2025-10-07,208.65,Hold
2025-10-08,204.7,Hold
2025-10-09,205.2,Hold
2025-10-10,201.2,Hold
2025-10-11,201.3,Hold
2025-10-12,202.25,Hold
2025-10-13,200.65,Hold
2025-10-14,200.2,Hold
2025-10-15,200.25,Hold
2025-10-16,210.3,Hold
2025-10-17,211.3,Hold
2025-10-18,213.05,Hold
2025-10-19,211.85,Hold
2025-10-20,210.5,Hold
2025-10-21,206.95,Hold
2025-10-22,206.4,Hold
2025-10-23,205.45,Hold
2025-10-24,200.65,Hold
2025-10-27,199.0,Hold
2025-10-28,200.3,Hold
2025-10-29,201.65,Hold
2025-10-30,204.6,Hold
2025-10-31,202.55,Hold
2025-11-01,202.95,Hold
2025-11-03,204.7,Hold
2025-11-05,204.5,Hold
2025-11-06,203.1,Hold
2025-11-07,205.75,Hold
2025-11-08,205.85,Hold
2025-11-09,206.4,Hold
2025-11-10,205.6,Hold
2025-11-11,204.75,Hold
2025-11-12,204.0,Hold
2025-11-13,204.6,Hold
2025-11-14,204.4,Hold
2025-11-15,204.4,Hold
2025-11-16,204.2,Hold
2025-11-17,203.45,Hold
2025-11-18,205.45,Hold
2025-11-19,209.65,Hold
2025-11-20,213.4,Sell
2025-11-21,210.7,Hold
2025-11-24,208.95,Hold
2025-11-25,211.55,Hold
2025-11-26,212.2,Hold
2025-11-27,209.85,Hold
2025-11-28,212.3,Hold
2025-11-29,212.25,Hold
2025-11-30,213.25,Hold
2025-12-01,215.0,Sell
2025-12-02,216.55,Sell
2025-12-03,212.3,Hold
2025-12-04,213.25,Hold
2025-12-05,214.8,Hold
2025-12-08,211.85,Hold
2025-12-09,213.8,Hold
2025-12-10,214.05,Hold
2025-12-11,215.7,Hold
2025-12-12,212.05,Hold
2025-12-13,213.8,Hold
2025-12-14,213.05,Hold
2025-12-15,217.6,Hold
2025-12-16,217.9,Hold
2025-12-17,218.25,Hold
2025-12-18,216.4,Hold
2025-12-19,215.5,Hold
2025-12-20,215.3,Hold
2025-12-21,215.6,Hold
2025-12-22,213.7,Hold
2025-12-23,213.05,Hold
2025-12-24,211.75,Hold
2025-12-25,210.55,Hold
2025-12-26,212.25,Hold
2025-12-27,212.4,Hold
2025-12-28,212.9,Hold
2025-12-29,212.35,Buy
2025-12-30,213.9,Hold
2026-01-05,212.6,Buy
2026-01-06,213.9,Hold
2026-01-08,213.85,Hold
2026-01-09,214.0,Hold
2026-01-12,216.0,Hold
2026-01-13,214.7,Hold
2026-01-14,218.65,Hold
2026-01-15,219.1,Sell
2026-01-16,223.2,Sell
2026-01-17,223.45,Sell
2026-01-18,223.4,Sell
2026-01-19,221.7,Sell
2026-01-20,224.0,Sell
2026-01-21,227.75,Sell
2026-01-22,226.6,Sell
2026-01-23,226.6,Sell
2026-01-24,226.7,Sell
2026-01-25,227.35,Sell
2026-01-26,226.8,Sell
2026-01-27,229.25,Sell
2026-01-28,227.05,Sell
2026-01-29,226.9,Sell
2026-01-30,226.75,Hold
2026-01-31,227.0,Hold
2026-02-01,227.3,Hold
2026-02-02,225.8,Hold
2026-02-03,227.7,Hold
2026-02-04,227.5,Hold
2026-02-05,224.55,Hold
2026-02-06,223.5,Hold
2026-02-07,223.9,Hold
2026-02-08,222.95,Hold
2026-02-09,221.35,Hold
2026-02-10,220.2,Buy
2026-02-11,221.45,Buy
2026-02-12,224.65,Hold
2026-02-13,229.5,Hold
2026-02-16,227.65,Hold
2026-02-17,226.6,Hold
2026-02-18,229.0,Hold
2026-02-19,232.75,Hold
2026-02-20,234.75,Hold
2026-02-21,236.0,Sell
2026-02-22,236.75,Sell
2026-02-23,236.1,Sell
2026-02-24,233.1,Hold
2026-02-25,233.5,Sell
2026-02-26,231.85,Sell
2026-02-27,232.5,Sell
2026-02-28,231.75,Hold
2026-03-01,232.15,Hold
2026-03-02,231.55,Hold
2026-03-03,227.7,Hold
2026-03-04,226.65,Hold
2026-03-05,228.8,Hold
2026-03-06,225.9,Buy
2026-03-09,227.3,Buy
2026-03-10,227.65,Buy
2026-03-11,226.45,Buy
2026-03-12,226.3,Hold
2026-03-13,226.45,Buy
2026-03-14,228.0,Hold
2026-03-15,228.25,Hold
2026-03-16,226.55,Hold
2026-03-17,229.0,Hold
2026-03-18,227.65,Hold
2026-03-19,227.7,Hold
2026-03-20,227.45,Hold
2026-03-23,225.2,Hold
2026-03-24,226.0,Hold
2026-03-25,225.85,Hold
2026-03-26,223.45,Hold
2026-03-27,222.65,Hold
2026-03-28,222.75,Hold
2026-03-29,223.2,Hold
2026-03-30,223.8,Hold
2026-03-31,224.85,Hold
2026-04-01,226.25,Hold
2026-04-02,224.8,Hold
2026-04-03,224.25,Hold
2026-04-04,224.85,Hold
2026-04-05,225.35,Hold
2026-04-06,223.55,Hold
2026-04-07,223.6,Hold
2026-04-08,223.6,Hold
2026-04-09,221.65,Hold
2026-04-10,220.65,Hold
2026-04-11,221.3,Hold
2026-04-12,221.4,Hold
2026-04-13,219.45,Hold
2026-04-14,218.2,Buy
2026-04-15,223.3,Hold
2026-04-16,223.35,Hold
2026-04-17,223.05,Hold
2026-04-18,222.75,Hold
2026-04-19,223.0,Hold
2026-04-20,223.05,Hold
2026-04-21,222.4,Hold
2026-04-22,226.9,Hold
2026-04-23,225.85,Hold
2026-04-24,223.2,Hold
2026-04-25,223.55,Hold
2026-04-26,223.8,Hold
2026-04-27,222.75,Hold
2026-04-28,220.9,Hold
2026-04-29,220.3,Hold
2026-04-30,219.75,Hold
2026-05-01,220.05,Hold
2026-05-02,220.35,Hold
2026-05-03,220.3,Hold
2026-05-04,219.35,Hold
2026-05-05,218.8,Hold
2026-05-06,217.9,Buy
2026-05-07,217.4,Buy
2026-05-08,218.25,Buy
2026-05-11,219.65,Hold
2026-05-12,221.3,Hold
2026-05-13,221.55,Hold
2026-05-14,225.2,Hold
2026-05-15,226.95,Sell
2026-05-16,227.05,Sell
2026-05-17,227.25,Sell
2026-05-18,225.3,Hold
2026-05-19,225.9,Hold
2026-05-20,226.6,Sell
2026-05-21,228.0,Sell
2026-05-22,231.85,Sell
2026-05-23,233.2,Sell
2026-05-24,233.1,Sell
2026-05-25,229.9,Sell
2026-05-26,229.8,Sell
2026-05-27,231.0,Sell
2026-05-28,228.65,Hold
2026-05-29,227.4,Hold
2026-05-30,228.85,Hold
2026-05-31,229.1,Hold
2026-06-01,228.35,Hold
2026-06-02,230.3,Hold
2026-06-03,228.95,Hold
2026-06-04,228.1,Hold
2026-06-05,227.6,Hold
2026-06-06,228.0,Hold
2026-06-07,228.5,Hold
2026-06-08,228.4,Hold
2026-06-09,227.4,Hold
2026-06-10,226.3,Hold
2026-06-11,226.5,Hold
2026-06-12,227.15,Hold
2026-06-13,227.8,Hold
2026-06-14,227.7,Hold
2026-06-15,229.5,Hold
2026-06-16,228.65,Hold
2026-06-17,227.45,Hold
2026-06-18,225.2,Hold
2026-06-19,223.95,Hold
2026-06-22,213.0,Buy
2026-06-23,220.35,Hold
2026-06-24,215.9,Hold
2026-06-25,218.75,Hold
2026-06-26,218.1,Hold
2026-06-27,219.7,Hold
2026-06-28,220.25,Hold
2026-06-29,219.9,Hold
2026-06-30,218.9,Hold
2026-07-01,218.1,Hold
2026-07-02,215.0,Hold
2026-07-03,212.75,Hold
2026-07-04,213.95,Hold
2026-07-05,215.55,Hold
2026-07-06,211.55,Hold
2026-07-07,207.3,Buy
2026-07-08,209.8,Hold
2026-07-09,181.75,Buy
2026-07-10,178.8,Buy
2026-07-11,178.4,Buy
2026-07-12,178.85,Buy
2026-07-13,175.9,Buy
2026-07-14,166.35,Buy
2026-07-15,171.0,Buy
2026-07-16,164.15,Buy
2026-07-17,158.05,Buy
2026-07-18,158.95,Buy
2026-07-19,160.65,Buy
2026-07-20,166.95,Buy
2026-07-21,175.0,Hold
2026-07-22,174.7,Buy
2026-07-23,169.3,Hold
2026-07-24,179.2,Hold
2026-07-25,182.85,Hold
2026-07-26,180.95,Hold
2026-07-27,187.45,Hold
2026-07-28,184.3,Hold
2026-07-29,185.15,Hold
2026-07-30,184.3,Hold
2026-07-31,183.0,Sell
2026-08-03,189.45,Sell
2026-08-04,190.3,Sell
2026-08-05,195.0,Sell
2026-08-06,195.5,Sell
2026-08-07,192.95,Hold
2026-08-08,193.85,Sell
2026-08-09,194.2,Sell
2026-08-10,194.25,Hold
2026-08-11,195.7,Sell
2026-08-12,194.9,Hold
2026-08-13,188.2,Hold
2026-08-14,181.5,Hold
2026-08-17,179.0,Hold
2026-08-18,184.55,Hold
2026-08-19,185.3,Hold
2026-08-20,180.7,Hold
2026-08-21,182.3,Hold
2026-08-22,180.0,Buy
2026-08-23,179.55,Hold
2026-08-24,179.9,Buy
2026-08-25,182.75,Hold
2026-08-26,178.8,Hold
2026-08-27,180.35,Hold
2026-08-28,180.2,Hold
2026-08-29,180.95,Hold
2026-08-30,181.55,Hold
