begin,open,close,high,low,volume
2023-05-15,146.5,147.68,147.96,145.5,94367
2023-05-16,148.16,147.62,148.48,146.2,63808
2023-05-17,147.62,147.78,148.5,146.82,55399
2023-05-18,147.82,147.36,149.32,147.0,66996
2023-05-19,146.94,147.3,147.4,145.2,72821
2023-05-22,147.4,146.02,147.84,145.8,38625
2023-05-23,146.2,146.48,146.84,145.26,55576
2023-05-24,146.4,146.96,147.58,145.64,53631
2023-05-25,147.36,145.62,147.36,145.5,48575
2023-05-26,145.62,146.7,147.28,145.52,52811
2023-05-29,146.84,146.54,147.96,145.62,66642
2023-05-30,145.86,145.74,147.5,145.26,64190
2023-05-31,145.38,145.8,145.88,144.0,52560
2023-06-01,146.2,145.76,146.38,144.8,45569
2023-06-02,146.28,147.82,147.94,145.8,61335
2023-06-05,148.02,147.64,151.82,147.06,138172
2023-06-06,147.66,146.44,148.14,145.16,93684
2023-06-07,146.52,146.28,147.16,145.8,42766
2023-06-08,146.28,147.38,147.6,145.84,33575
2023-06-09,147.84,148.4,150.74,147.5,90487
2023-06-13,148.5,150.94,150.98,148.5,68521
2023-06-14,151.08,150.52,152.88,150.0,112853
2023-06-15,150.52,152.86,153.44,150.06,111985
2023-06-16,153.1,153.62,154.34,151.78,81204
2023-06-19,153.48,155.1,155.48,153.3,101992
2023-06-20,155.1,153.32,155.1,152.0,81065
2023-06-21,153.32,153.06,154.46,152.0,71954
2023-06-22,153.16,151.78,153.4,151.22,47088
2023-06-23,151.76,149.88,152.8,149.38,72317
2023-06-26,150.52,148.62,152.0,147.62,106430
2023-06-27,149.02,148.42,149.44,146.92,128947
2023-06-28,149.2,149.34,149.88,148.76,92839
2023-06-29,149.62,148.82,150.62,147.86,104237
2023-06-30,149.26,147.26,149.46,146.7,120764
2023-07-03,148.34,147.02,148.7,146.06,137293
2023-07-04,147.3,147.44,148.4,146.54,113403
2023-07-05,148.24,148.68,149.16,147.48,115400
2023-07-06,149.3,151.62,152.9,149.28,260625
2023-07-07,152.08,150.8,152.4,150.24,80615
2023-07-10,152.3,152.64,153.38,151.02,126679
2023-07-11,152.78,153.02,153.02,151.8,69045
2023-07-12,153.12,154.54,155.14,152.6,105875
2023-07-13,154.98,155.4,156.98,153.36,192072
2023-07-14,155.32,155.04,155.5,153.76,77456
2023-07-17,154.38,157.74,158.18,154.04,146897
2023-07-18,157.8,163.36,163.44,157.2,239740
2023-07-19,163.48,165.46,168.8,161.0,290628
2023-07-20,166.22,159.04,166.22,158.5,282228
2023-07-21,159.0,160.82,162.48,158.82,173110
2023-07-24,161.98,161.26,162.82,158.84,171356
2023-07-25,161.36,162.6,163.2,160.5,105846
2023-07-26,162.7,161.7,163.74,161.08,111109
2023-07-27,161.9,161.9,163.44,161.8,78541
2023-07-28,161.9,162.36,162.96,161.52,81465
2023-07-31,163.0,167.12,167.3,162.94,204243
2023-08-01,168.0,170.0,171.24,166.76,256835
2023-08-02,169.8,165.6,169.8,165.2,301025
2023-08-03,165.6,166.5,166.76,162.5,207015
2023-08-04,166.5,163.38,168.74,162.72,246691
2023-08-07,163.5,161.54,165.38,160.1,168218
2023-08-08,161.5,161.06,162.74,158.62,158528
2023-08-09,161.06,161.92,162.42,160.12,96196
2023-08-10,162.22,164.64,164.94,162.22,106262
2023-08-11,164.7,164.6,165.8,163.7,92587
2023-08-14,165.58,162.8,168.52,161.9,221914
2023-08-15,161.98,161.7,165.06,160.4,143947
2023-08-16,162.0,159.08,162.9,158.3,154406
2023-08-17,160.0,159.24,160.98,157.0,153473
2023-08-18,159.42,161.98,162.84,157.48,139737
2023-08-21,162.78,162.62,163.34,160.72,91646
2023-08-22,163.08,162.7,163.98,161.7,93445
2023-08-23,163.0,160.1,163.4,159.36,150788
2023-08-24,160.0,160.82,161.48,159.64,102795
2023-08-25,160.82,161.44,161.46,159.8,66705
2023-08-28,162.02,167.8,168.42,161.94,259126
2023-08-29,167.98,166.28,168.48,165.22,146648
2023-08-30,166.28,166.8,168.5,165.06,107444
2023-08-31,166.82,168.32,169.7,166.54,137407
2023-09-01,168.8,167.86,169.46,167.38,78140
2023-09-04,168.5,171.12,171.68,168.16,151599
2023-09-05,171.38,170.6,172.4,169.04,135911
2023-09-06,170.6,169.0,170.72,168.68,85028
2023-09-07,169.0,164.66,171.96,163.76,307678
2023-09-08,164.98,163.2,165.04,161.7,141974
2023-09-11,163.0,162.5,163.76,161.44,133294
2023-09-12,163.38,164.7,165.48,162.76,138696
2023-09-13,165.28,163.92,166.0,163.12,62993
2023-09-14,163.92,163.0,163.92,160.26,116590
2023-09-15,163.02,164.36,165.5,162.66,104381
2023-09-18,165.0,163.08,165.4,162.4,92279
2023-09-19,162.4,159.98,163.54,159.5,137973
2023-09-20,160.02,161.9,165.0,158.96,163271
2023-09-21,161.48,160.18,163.6,159.58,158764
2023-09-22,159.8,159.92,161.2,158.26,118739
2023-09-25,160.0,158.72,160.42,158.5,54169
2023-09-26,158.7,159.46,160.96,157.3,112316
2023-09-27,160.0,160.74,160.92,159.2,58409
2023-09-28,160.9,163.04,163.92,160.3,106837
2023-09-29,163.28,161.88,163.28,160.34,91381
2023-10-02,162.44,161.72,163.48,161.5,46201
2023-10-03,161.72,161.68,161.86,160.12,43988
2023-10-04,161.12,160.3,162.7,160.3,70268
2023-10-05,161.0,161.72,161.86,160.04,59549
2023-10-06,161.74,162.68,162.76,160.56,61742
2023-10-09,162.5,162.56,164.2,161.88,77842
2023-10-10,162.58,162.94,163.12,161.56,42328
2023-10-11,163.2,161.26,164.2,160.34,76350
2023-10-12,160.94,162.78,163.3,160.08,60861
2023-10-13,162.84,162.84,163.48,162.16,36679
2023-10-16,163.26,164.32,164.7,162.9,69829
2023-10-17,164.6,165.2,165.48,163.78,73934
2023-10-18,165.34,164.72,165.38,163.08,84470
2023-10-19,164.18,167.88,168.5,164.02,112166
2023-10-20,169.2,171.22,174.84,168.06,372170
2023-10-23,172.0,171.08,173.0,168.52,190408
2023-10-24,171.1,171.96,172.66,169.54,85612
2023-10-25,171.98,174.6,175.34,170.8,120964
2023-10-26,174.66,172.5,177.76,172.5,199786
2023-10-27,172.6,175.06,175.98,171.0,213709
2023-10-30,175.6,175.72,178.88,175.3,160279
2023-10-31,175.5,175.74,176.4,173.52,107614
2023-11-01,175.9,178.04,178.28,175.3,69255
2023-11-02,178.0,180.78,181.86,177.68,217308
2023-11-03,181.58,178.98,183.36,178.16,360938
2023-11-06,179.9,177.64,180.02,176.0,144212
2023-11-07,177.88,176.9,178.14,176.0,92209
2023-11-08,176.88,174.6,177.44,174.12,155743
2023-11-09,174.6,174.12,174.94,172.9,97343
2023-11-10,174.04,173.44,174.1,172.62,97274
2023-11-13,173.46,174.1,175.7,172.94,93529
2023-11-14,174.0,171.78,174.36,171.12,111450
2023-11-15,171.78,171.36,172.1,169.08,112272
2023-11-16,171.1,170.08,172.4,169.84,67011
2023-11-17,169.9,171.68,172.36,168.5,80309
2023-11-20,171.64,170.98,173.34,170.12,49991
2023-11-21,170.8,172.5,172.5,170.16,58494
2023-11-22,172.82,172.18,174.36,171.5,68714
2023-11-23,172.2,173.04,173.86,171.68,61821
2023-11-24,173.5,170.96,174.0,170.5,69721
2023-11-27,170.96,170.52,172.4,170.24,64085
2023-11-28,170.62,170.56,171.12,168.76,77436
2023-11-29,170.72,169.22,170.72,169.1,46549
2023-11-30,169.22,167.36,169.5,166.8,78108
2023-12-01,167.24,166.46,168.46,166.16,62349
2023-12-04,166.44,166.68,168.24,166.1,72435
2023-12-05,167.12,168.04,168.6,166.76,69628
2023-12-06,168.2,164.12,168.9,164.04,91147
2023-12-07,164.74,169.12,169.68,163.84,127989
2023-12-08,169.38,167.76,172.4,167.5,89198
2023-12-11,168.22,166.6,168.3,166.0,59780
2023-12-12,166.6,164.78,167.98,164.2,85850
2023-12-13,164.04,166.0,167.2,163.44,75366
2023-12-14,166.8,166.46,167.56,165.82,56309
2023-12-15,166.56,169.88,169.98,166.56,124484
2023-12-18,170.02,171.5,172.46,169.54,118119
2023-12-19,172.0,172.02,172.34,170.3,75589
2023-12-20,172.0,171.14,173.46,170.6,120208
2023-12-21,171.4,170.82,171.4,169.0,116056
2023-12-22,171.06,171.22,171.5,170.08,110719
2023-12-25,170.74,171.3,171.86,169.2,224046
2023-12-26,163.6,163.6,164.34,162.9,241265
2023-12-27,164.0,163.1,164.16,162.82,102528
2023-12-28,163.1,161.56,163.2,161.52,76532
2023-12-29,161.52,161.72,162.4,161.5,43692
2024-01-03,161.64,163.56,163.7,161.4,34733
2024-01-04,163.6,162.96,163.94,162.74,28257
2024-01-05,163.02,162.8,163.3,162.18,21158
2024-01-08,163.5,164.26,165.5,162.6,45032
2024-01-09,164.5,163.84,165.02,163.22,49999
2024-01-10,164.0,163.76,164.56,163.52,57351
2024-01-11,164.12,162.76,164.24,160.72,160309
2024-01-12,162.96,162.34,163.12,161.7,60738
2024-01-15,162.34,162.26,163.5,161.74,76288
2024-01-16,162.24,161.92,162.7,161.36,55230
2024-01-17,161.9,162.02,163.0,161.4,85474
2024-01-18,162.14,161.56,162.4,161.42,40011
2024-01-19,161.56,160.52,161.74,160.5,53610
2024-01-22,160.82,160.76,161.3,160.16,52747
2024-01-23,160.76,160.78,161.98,160.44,57947
2024-01-24,160.82,160.02,161.74,158.38,105594
2024-01-25,160.02,159.86,160.48,159.02,75807
2024-01-26,159.86,160.56,160.8,159.64,58514
2024-01-29,160.9,160.26,161.4,159.96,78220
2024-01-30,160.26,160.36,161.1,159.2,101223
2024-01-31,160.82,159.46,160.82,159.4,78085
2024-02-01,159.46,159.92,160.2,159.1,74228
2024-02-02,159.92,159.5,159.92,159.2,56293
2024-02-05,159.5,159.5,159.7,159.16,55016
2024-02-06,159.56,159.44,160.48,159.12,64979
2024-02-07,159.4,159.6,160.42,159.38,86017
2024-02-08,159.6,157.42,159.74,157.3,109476
2024-02-09,157.42,157.28,158.1,155.7,170301
2024-02-12,157.3,155.46,157.72,154.22,147206
2024-02-13,155.5,153.8,155.96,153.66,102963
2024-02-14,154.12,151.86,154.68,151.24,153647
2024-02-15,152.18,151.72,152.32,150.06,164082
2024-02-16,151.9,150.36,152.92,150.1,152081
2024-02-19,150.4,149.24,150.86,148.46,125779
2024-02-20,149.24,144.8,149.58,144.28,255581
2024-02-21,144.8,144.38,145.76,143.28,177810
2024-02-22,144.94,143.72,145.56,143.3,109236
2024-02-26,145.2,147.44,147.46,144.66,111504
2024-02-27,147.4,145.14,147.4,144.8,95955
2024-02-28,145.44,146.02,146.34,144.82,87519
2024-02-29,146.44,145.68,147.22,145.54,83187
2024-03-01,146.0,146.02,146.2,144.86,67207
2024-03-04,146.1,150.08,150.16,146.1,189422
2024-03-05,150.06,149.46,150.06,148.32,109695
2024-03-06,149.54,150.84,151.34,148.64,155469
2024-03-07,150.9,150.98,151.82,150.26,88331
2024-03-11,151.46,150.28,152.28,149.74,139984
2024-03-12,150.2,150.28,150.78,148.6,83587
2024-03-13,150.68,149.98,151.68,149.5,87604
2024-03-14,150.0,150.18,151.5,149.02,108426
2024-03-15,150.2,150.7,151.2,149.86,59683
2024-03-18,151.06,149.64,151.5,149.5,97411
2024-03-19,149.6,147.76,150.0,147.08,143613
2024-03-20,147.76,148.04,148.84,145.16,136510
2024-03-21,148.42,149.3,150.52,146.84,156630
2024-03-22,149.3,147.98,149.98,147.62,152192
2024-03-25,148.0,151.38,152.7,146.88,159192
2024-03-26,151.56,151.36,153.14,150.16,121607
2024-03-27,151.64,153.0,153.22,151.24,98836
2024-03-28,153.3,152.08,153.58,151.2,75421
2024-03-29,152.5,151.1,152.5,151.0,69301
2024-04-01,151.2,150.54,152.08,150.48,61520
2024-04-08,152.5,152.96,156.38,152.12,22218400
2024-04-09,152.62,164.0,164.0,152.54,57201890
2024-04-10,164.0,163.3,165.8,161.1,35830020
2024-04-11,163.56,161.48,164.6,160.3,14837680
2024-04-12,162.0,164.8,167.48,161.64,34549580
2024-04-15,164.8,162.34,164.98,160.42,24510040
2024-04-16,162.04,158.92,162.3,158.24,19759020
2024-04-17,158.4,159.42,160.38,158.4,8986270
2024-04-18,159.42,158.62,160.76,157.44,5677860
2024-04-19,158.62,158.66,160.4,158.4,7120120
2024-04-22,158.4,159.3,160.88,157.64,9169860
2024-04-23,159.4,156.58,159.74,156.4,9062310
2024-04-24,156.5,155.82,157.84,155.14,7821080
2024-04-25,155.5,157.52,158.0,155.28,5805770
2024-04-26,157.56,156.54,157.86,155.0,5167340
2024-04-27,156.9,156.04,157.0,155.8,3348480
2024-04-29,156.22,155.16,156.9,153.9,4601850
2024-04-30,155.2,153.9,155.26,153.12,2887140
2024-05-02,153.9,154.48,156.88,153.68,5687970
2024-05-03,154.34,154.4,155.38,153.4,5298790
2024-05-06,154.4,155.8,156.8,153.1,8655310
2024-05-07,155.8,154.44,156.46,153.7,5892320
2024-05-08,154.44,153.82,154.7,153.5,4694100
2024-05-10,153.96,152.78,154.64,152.46,6042260
2024-05-13,152.78,152.04,152.9,151.58,5795720
2024-05-14,152.06,152.48,152.66,151.82,6625530
2024-05-15,152.6,152.68,152.98,151.04,8989780
2024-05-16,152.74,152.6,153.78,152.22,8655950
2024-05-17,152.9,156.3,157.3,152.6,27934490
2024-05-20,157.5,151.88,159.44,151.52,18596160
2024-05-21,151.6,148.92,153.38,148.12,23763240
2024-05-22,149.0,150.0,153.0,148.0,17931440
2024-05-23,149.96,154.06,155.76,146.7,45476250
2024-05-24,154.06,153.04,157.7,151.5,25458600
2024-05-27,153.04,149.8,153.88,148.62,14149960
2024-05-28,149.82,149.62,152.1,148.82,11347550
2024-05-29,149.6,152.0,153.04,149.26,7013290
2024-05-30,152.3,146.5,153.0,145.32,10653000
2024-05-31,146.4,139.98,147.94,138.14,16224310
2024-06-03,140.9,138.52,142.64,133.76,18412190
2024-06-04,138.54,140.8,143.02,136.4,14225020
2024-06-05,141.36,139.24,141.76,138.1,8079360
2024-06-06,139.26,141.8,141.8,138.72,6697570
2024-06-07,141.84,143.28,145.36,140.6,10190370
2024-06-10,143.42,139.14,143.96,138.12,7008820
2024-06-11,138.66,138.86,140.54,136.94,13275380
2024-06-13,135.48,139.18,140.18,132.62,9501670
2024-06-14,139.5,140.3,141.6,138.3,5618010
2024-06-17,140.7,138.54,140.86,138.52,4875850
2024-06-18,138.62,136.26,139.6,135.76,7221330
2024-06-19,135.92,134.0,136.26,130.6,13025050
2024-06-20,134.04,136.32,136.66,130.4,37105090
2024-06-21,136.6,134.0,138.88,133.7,9661210
2024-06-24,134.0,130.24,134.7,130.2,6876280
2024-06-25,130.24,131.18,131.82,128.2,14615210
2024-06-26,131.54,130.8,132.42,130.4,7654700
2024-06-27,130.82,129.32,131.26,129.0,8164620
2024-06-28,129.04,129.92,130.44,129.0,3937260
2024-07-01,130.0,132.5,132.66,128.84,10159430
2024-07-02,132.5,134.38,135.28,131.3,12622780
2024-07-03,134.98,132.66,135.52,132.22,12081330
2024-07-04,132.98,130.38,133.54,129.9,8414170
2024-07-05,130.5,134.34,134.46,129.6,9428990
2024-07-08,134.34,132.52,135.0,132.16,8092480
2024-07-09,132.52,129.14,133.08,128.52,7917220
2024-07-10,129.7,124.3,129.7,124.02,15489150
2024-07-11,124.68,126.1,126.88,124.58,13802910
2024-07-12,125.74,125.26,126.46,123.64,14387230
2024-07-15,125.22,122.76,125.84,122.24,7308020
2024-07-16,123.34,126.1,127.08,122.6,10423730
2024-07-17,126.6,125.26,127.44,124.24,8788200
2024-07-18,125.36,128.3,129.36,124.42,9013780
2024-07-19,128.94,128.5,129.5,127.2,12152820
2024-07-22,129.0,129.88,130.46,128.36,6304550
2024-07-23,130.0,128.08,130.34,127.62,5417480
2024-07-24,129.0,130.86,131.92,127.9,10355280
2024-07-25,130.46,129.56,131.1,129.28,4500390
2024-07-26,129.5,126.46,131.58,124.76,14251010
2024-07-29,126.08,125.2,127.98,124.5,7246500
2024-07-30,125.26,127.92,128.0,124.0,8866400
2024-07-31,128.18,130.16,130.72,127.0,6106570
2024-08-01,130.22,128.64,130.56,128.12,3661320
2024-08-02,128.6,128.0,128.86,127.28,3475450
2024-08-05,126.0,123.92,126.62,122.92,10357170
2024-08-06,124.22,124.88,125.78,124.22,4586030
2024-08-07,125.28,124.6,125.88,122.4,10413560
2024-08-08,124.9,122.88,125.52,122.64,5874700
2024-08-09,122.88,123.46,124.44,122.5,3485140
2024-08-12,123.0,125.7,126.08,122.62,6213060
2024-08-13,125.3,127.82,129.54,125.1,11204340
2024-08-14,127.84,125.76,128.42,125.38,7540300
2024-08-15,125.72,125.0,126.2,124.66,3062090
2024-08-16,125.02,125.88,127.8,124.22,5138590
2024-08-19,126.0,126.0,127.32,124.0,8437770
2024-08-20,125.96,124.18,126.2,124.02,5617010
2024-08-21,124.0,121.44,124.9,120.56,13780990
2024-08-22,121.38,118.9,122.28,117.0,12536220
2024-08-23,118.74,113.04,119.06,109.7,32476810
2024-08-26,114.26,118.44,118.48,114.24,13888710
2024-08-27,118.44,112.9,118.44,111.56,20180700
2024-08-28,112.82,112.1,113.34,110.04,16375610
2024-08-29,112.1,111.34,113.2,108.7,14500390
2024-08-30,112.04,108.58,112.06,104.62,22684910
2024-09-02,108.0,103.12,109.86,102.12,18182150
2024-09-03,103.18,104.02,107.5,102.24,18487270
2024-09-04,104.5,106.72,107.0,103.1,13677770
2024-09-05,107.24,104.88,107.28,104.06,12165030
2024-09-06,104.86,107.04,107.16,104.5,7663410
2024-09-09,107.28,108.1,108.9,105.86,13453150
2024-09-10,108.5,105.96,108.88,104.9,8895020
2024-09-11,105.96,103.6,106.38,103.06,11498620
2024-09-12,103.8,101.5,104.18,100.26,13896150
2024-09-13,101.28,102.62,102.88,99.0,20049430
2024-09-16,102.82,106.44,106.46,102.76,11682170
2024-09-17,106.58,106.82,107.0,104.78,9348380
2024-09-18,106.76,106.22,107.96,106.1,13642520
2024-09-19,106.32,111.2,111.42,105.72,26038020
2024-09-20,111.22,109.42,112.94,109.06,21763930
2024-09-23,110.3,110.34,110.76,108.6,15336740
2024-09-24,111.0,115.22,116.0,110.06,31469730
2024-09-25,115.86,114.02,118.2,112.54,38585390
2024-09-26,114.0,115.48,116.82,113.34,24466590
2024-09-27,115.68,115.4,116.46,112.68,34610030
2024-09-30,115.8,113.04,117.66,113.04,19369170
2024-10-01,112.76,110.6,113.96,109.92,30705600
2024-10-02,110.64,107.84,111.5,107.62,23646560
2024-10-03,107.84,106.46,107.98,105.0,30183310
2024-10-04,106.8,106.96,108.0,106.5,11583130
2024-10-07,107.0,106.22,107.38,104.62,19627980
2024-10-08,105.88,106.4,107.0,104.9,10445690
2024-10-09,106.36,103.82,106.82,103.36,19387680
2024-10-10,103.84,103.48,104.46,103.16,14764430
2024-10-11,103.5,101.56,103.86,101.5,16185450
2024-10-14,101.56,105.5,105.74,100.3,34081820
2024-10-15,105.5,108.5,108.78,104.5,33499330
2024-10-16,108.44,106.82,109.98,105.82,40731890
2024-10-17,106.7,104.2,107.24,103.54,26579390
2024-10-18,104.1,104.26,105.8,102.74,29980090
2024-10-21,104.4,106.14,107.58,104.1,22161340
2024-10-22,106.4,105.82,107.9,105.52,25320210
2024-10-23,105.5,104.16,107.44,103.68,22799730
2024-10-24,104.08,105.12,105.7,103.26,16360910
2024-10-25,105.2,101.34,106.28,100.5,28885680
2024-10-28,100.5,96.1,101.6,94.22,46073070
2024-10-29,96.1,99.74,100.7,95.08,28831080
2024-10-30,100.0,97.54,100.42,97.04,19603210
2024-10-31,97.06,99.0,99.46,96.76,20639200
2024-11-01,99.4,99.16,100.0,97.22,18711470
2024-11-02,99.0,100.8,100.88,98.32,7061470
2024-11-05,100.8,104.2,105.0,100.28,21128940
2024-11-06,105.5,105.9,108.48,105.1,36581760
2024-11-07,105.78,109.42,110.48,104.66,38567780
2024-11-08,109.02,111.58,112.4,108.08,41605700
2024-11-11,112.38,112.64,113.26,110.64,28602310
2024-11-12,112.38,113.5,114.84,111.12,27300060
2024-11-13,113.22,112.98,115.8,112.7,38609690
2024-11-14,112.98,111.68,114.6,110.56,22584130
2024-11-15,111.52,115.16,115.5,111.28,19906940
2024-11-18,112.2,114.46,115.8,111.7,35026610
2024-11-19,114.64,111.0,116.1,109.52,39994590
2024-11-20,111.2,108.28,112.0,106.0,29177360
2024-11-21,108.3,109.32,109.78,106.6,29964420
2024-11-22,109.48,108.52,109.96,106.76,24628480
2024-11-25,108.5,103.94,108.8,103.1,22360820
2024-11-26,103.6,104.08,106.5,101.86,26895910
2024-11-27,104.4,110.96,111.4,102.74,45817670
2024-11-28,111.42,110.08,112.24,108.08,33233240
2024-11-29,110.62,112.96,114.0,109.68,23186570
2024-12-02,113.16,114.1,114.9,112.72,17187230
2024-12-03,113.96,110.4,114.34,109.3,22921070
2024-12-04,110.88,104.2,110.88,104.1,30705620
2024-12-05,104.6,108.16,108.7,102.8,33511420
2024-12-06,108.16,107.8,109.84,106.72,24489420
2024-12-09,108.5,106.86,109.0,106.38,21160630
2024-12-10,106.9,103.6,106.9,103.5,23476000
2024-12-11,103.6,104.1,104.84,101.5,23604160
2024-12-12,104.36,100.3,104.54,100.1,23815140
2024-12-13,100.28,99.9,102.2,99.68,20063730
2024-12-16,98.2,95.9,99.1,95.3,32093630
2024-12-17,96.04,94.98,96.7,94.8,22758560
2024-12-18,95.38,95.66,95.86,93.04,25839530
2024-12-19,95.9,95.7,99.16,95.0,45552700
2024-12-20,95.7,105.08,105.96,95.7,53274670
2024-12-23,107.0,105.0,108.4,104.0,53047870
2024-12-24,105.0,104.96,106.9,103.78,37285330
2024-12-25,104.7,108.0,108.72,103.54,42665540
2024-12-26,108.48,109.66,111.1,106.54,48210720
2024-12-27,109.92,111.04,111.66,109.26,21210260
2024-12-28,111.48,113.8,114.4,111.1,24511230
2024-12-30,114.54,115.5,115.8,114.36,16450590
2025-01-03,115.7,112.68,115.8,111.82,10306740
2025-01-06,112.38,113.42,113.82,110.66,9577910
2025-01-08,113.6,114.0,114.34,112.82,6827610
2025-01-09,114.0,111.8,114.82,111.02,18700190
2025-01-10,111.92,116.26,116.5,111.02,30019800
2025-01-13,116.9,118.38,120.22,116.8,39084140
2025-01-14,118.42,119.98,120.82,117.44,24648890
2025-01-15,119.98,119.46,121.22,117.16,26289270
2025-01-16,119.8,119.12,120.76,118.4,20477000
2025-01-17,119.4,124.88,125.0,118.7,36137150
2025-01-20,126.4,123.4,128.86,123.2,40312850
2025-01-21,124.4,124.56,124.66,121.34,20094130
2025-01-22,125.0,123.74,127.28,121.94,24584330
2025-01-23,123.68,124.96,125.0,121.58,14828320
2025-01-24,125.2,124.14,127.98,123.0,29745030
2025-01-27,124.7,119.46,124.98,118.74,23334450
2025-01-28,119.3,121.2,121.94,117.12,30176910
2025-01-29,121.22,121.78,123.0,120.84,14893220
2025-01-30,121.78,122.76,123.24,121.6,13351190
2025-01-31,122.7,121.18,124.6,119.54,24647190
2025-02-03,121.0,118.3,121.0,117.02,24785600
2025-02-04,118.3,117.16,120.0,116.5,17713020
2025-02-05,117.12,120.4,121.0,116.02,23750850
2025-02-06,120.8,121.5,123.0,120.08,21595940
2025-02-07,121.86,122.28,123.62,120.48,21759600
2025-02-10,122.3,120.82,127.0,119.0,99953840
2025-02-11,120.6,121.12,122.1,119.62,36308370
2025-02-12,121.2,127.26,128.0,119.24,61397220
2025-02-13,127.34,128.1,129.94,123.5,49133510
2025-02-14,129.0,131.5,133.98,125.0,71277920
2025-02-17,134.0,138.2,139.0,132.64,57217780
2025-02-18,138.6,134.6,138.8,133.2,36446900
2025-02-19,134.8,138.52,139.0,132.68,28700070
2025-02-20,139.06,137.74,139.68,136.0,25642640
2025-02-21,138.0,137.18,140.3,135.14,27906160
2025-02-24,137.58,146.94,147.26,135.72,56679800
2025-02-25,147.2,143.04,150.14,141.3,111298520
2025-02-26,145.02,138.02,145.14,136.54,43200150
2025-02-27,138.34,134.34,139.26,134.2,38502380
2025-02-28,134.36,140.32,141.0,133.52,47182680
2025-03-01,140.5,139.92,140.76,139.58,528330
2025-03-02,140.06,139.04,140.32,138.5,1111330
2025-03-03,139.04,135.92,139.42,133.04,45749040
2025-03-04,136.08,140.92,142.26,136.08,47783880
2025-03-05,141.16,136.98,142.0,136.62,34532590
2025-03-06,137.0,136.46,138.64,134.14,22005120
2025-03-07,136.46,135.7,139.2,133.02,27918390
2025-03-10,136.4,137.14,137.5,134.42,27175260
2025-03-11,137.38,135.72,138.88,135.06,24234320
2025-03-12,135.82,134.0,136.42,133.8,14993010
2025-03-13,133.8,131.9,135.5,128.16,51653030
2025-03-14,132.0,130.54,132.46,129.0,28175460
2025-03-15,130.92,131.2,131.8,130.86,690760
2025-03-16,131.2,131.96,132.28,130.68,2175110
2025-03-17,132.0,134.06,134.68,131.58,29416160
2025-03-18,134.46,132.08,136.4,131.5,42256390
2025-03-19,132.1,132.04,133.16,130.22,17796760
2025-03-20,132.04,131.16,133.04,129.46,24120920
2025-03-21,131.0,129.8,132.34,128.58,18916750
2025-03-24,129.78,125.88,129.78,125.32,19710160
2025-03-25,126.0,129.58,130.0,123.22,28991740
2025-03-26,129.7,125.8,130.52,124.5,22155510
2025-03-27,126.0,122.98,126.3,122.5,23942460
2025-03-28,123.0,121.56,124.1,120.5,27845450
2025-03-29,120.7,119.42,121.28,119.42,3104970
2025-03-30,119.42,119.42,119.98,119.42,1177640
2025-03-31,119.0,123.3,124.5,118.42,23239080
2025-04-01,123.3,120.8,125.3,120.12,26638310
2025-04-02,120.54,120.1,121.98,117.52,31937130
2025-04-03,120.2,116.42,121.8,114.02,34705210
2025-04-04,118.0,110.9,118.0,110.5,42757440
2025-04-05,108.8,110.7,111.0,108.68,4545980
2025-04-06,110.26,111.94,112.6,109.82,5139510
2025-04-07,109.7,111.32,113.66,102.68,60087170
2025-04-08,112.0,106.8,113.98,105.66,29746380
2025-04-09,106.6,116.08,117.3,105.52,67859580
2025-04-10,115.98,114.4,116.84,112.72,33033480
2025-04-11,114.14,117.1,117.5,113.98,22568590
2025-04-12,117.22,118.38,118.98,117.22,2618140
2025-04-13,118.38,118.56,118.96,118.06,1712030
2025-04-14,118.7,114.5,118.7,113.18,18252380
2025-04-15,114.6,112.2,115.7,111.48,20560130
2025-04-16,112.0,113.04,114.58,110.2,24949190
2025-04-17,113.5,115.56,116.02,112.3,21862320
2025-04-18,113.3,111.62,114.44,110.8,28037380
2025-04-21,112.9,113.92,114.96,112.24,15095590
2025-04-22,114.5,116.7,118.3,112.64,29501310
2025-04-23,117.36,114.44,117.48,112.66,23851670
2025-04-24,114.2,113.84,116.28,113.16,15308950
2025-04-25,114.18,117.7,117.76,114.06,20210340
2025-04-26,118.0,118.42,120.36,117.84,5763280
2025-04-27,118.78,119.48,119.5,118.7,1154790
2025-04-28,119.48,117.3,120.0,116.5,20196230
2025-04-29,117.5,113.62,117.54,112.7,15263770
2025-04-30,113.04,114.38,115.2,111.34,25856500
2025-05-02,114.0,109.0,114.1,108.56,14570650
2025-05-03,109.0,109.26,109.76,108.36,1391480
2025-05-04,109.26,109.4,110.04,109.0,1175420
2025-05-05,109.24,107.26,109.82,106.5,16295220
2025-05-06,107.76,107.7,109.58,106.56,13387030
2025-05-07,107.9,108.86,109.8,107.26,12124810
2025-05-08,108.98,111.6,111.88,108.86,11037050
2025-05-10,111.94,111.8,112.16,111.2,1652500
2025-05-11,113.0,112.88,114.5,112.5,3288000
2025-05-12,113.2,114.48,114.64,112.74,13489100
2025-05-13,114.56,112.98,114.98,112.72,13230140
2025-05-14,112.82,110.6,114.72,110.58,13636550
2025-05-15,111.12,110.52,111.8,108.98,13478020
2025-05-16,110.52,110.6,111.2,107.74,12244100
2025-05-17,110.6,112.3,112.6,110.22,1735140
2025-05-18,112.7,112.7,113.0,112.1,1922200
2025-05-19,112.5,109.92,112.84,109.6,12277630
2025-05-20,110.38,107.82,110.6,107.04,10917360
2025-05-21,107.98,105.56,108.1,105.02,15437630
2025-05-22,105.56,105.02,106.3,103.54,19692580
2025-05-23,105.02,103.68,105.34,103.1,8905940
2025-05-26,103.66,100.04,103.66,99.0,17999910
2025-05-27,100.04,101.34,101.9,98.5,15851390
2025-05-28,101.64,107.2,107.58,101.34,23651150
2025-05-29,107.26,104.84,107.4,104.5,13092710
2025-05-30,104.5,106.42,106.96,104.1,14139890
2025-05-31,106.44,107.08,108.18,106.4,1383310
2025-06-01,106.78,103.24,106.78,103.24,4240570
2025-06-02,103.3,105.68,106.46,103.02,13031300
2025-06-03,105.68,110.4,110.42,105.68,17815500
2025-06-04,110.4,111.38,113.36,109.58,29168310
2025-06-05,111.38,109.82,112.4,109.02,14332730
2025-06-06,109.5,108.2,112.86,108.2,25141690
2025-06-07,108.2,108.48,108.72,108.2,532450
2025-06-08,108.48,107.68,108.68,107.1,1040710
2025-06-09,107.8,110.7,111.2,106.6,32359310
2025-06-10,111.0,106.24,111.92,105.62,37370160
2025-06-11,106.38,106.8,108.46,104.56,23136040
2025-06-13,107.04,105.5,108.14,104.82,7713420
2025-06-14,105.52,106.16,106.3,105.5,1240270
2025-06-15,106.32,106.18,106.66,105.42,1037710
2025-06-16,106.18,104.42,106.22,104.1,11121300
2025-06-17,104.6,107.52,107.98,103.66,16389770
2025-06-18,107.52,107.28,108.6,106.26,12430340
2025-06-19,107.38,106.72,108.36,105.0,15862850
2025-06-20,106.98,104.5,107.2,104.48,9068350
2025-06-23,104.7,103.9,105.3,102.7,14308720
2025-06-24,103.96,104.98,105.26,103.22,12891790
2025-06-25,105.2,107.18,107.5,105.02,14962880
2025-06-26,107.62,110.4,110.68,107.3,29917830
2025-06-27,110.5,111.58,111.58,109.56,29920600
2025-06-28,111.78,111.4,111.96,111.2,961120
2025-06-29,111.28,111.06,111.6,111.06,1050370
2025-06-30,111.28,111.22,112.62,109.78,28623560
2025-07-01,111.42,110.48,112.82,110.0,28611490
2025-07-02,110.7,112.02,112.46,110.2,22139480
2025-07-03,112.0,109.4,112.7,108.82,31165150
2025-07-04,109.38,109.48,110.5,108.08,17264540
2025-07-05,109.68,109.38,109.7,109.22,208420
2025-07-06,109.38,109.02,109.38,108.74,329880
2025-07-07,109.02,106.4,109.1,106.36,13620190
2025-07-08,106.38,103.72,107.7,103.1,26470470
2025-07-09,103.72,104.16,104.7,102.2,27255480
2025-07-10,104.22,104.42,105.42,103.12,13092960
2025-07-11,104.6,101.5,104.88,101.08,17065580
2025-07-12,101.96,102.0,102.44,101.5,887360
2025-07-13,101.98,101.74,102.18,100.86,1395090
2025-07-14,101.58,109.26,109.52,100.62,51537570
2025-07-15,109.52,110.1,110.9,108.76,29616940
2025-07-16,110.1,110.04,112.3,109.04,32044850
2025-07-17,110.36,108.68,111.18,108.46,17973090
2025-07-18,108.68,115.36,115.44,108.1,50155960
2025-07-19,115.36,117.3,118.84,114.8,8765640
2025-07-20,118.18,117.4,118.46,117.02,2589590
2025-07-21,117.0,116.54,118.14,114.74,31277080
2025-07-22,116.46,119.5,120.1,115.46,28885100
2025-07-23,119.52,118.24,120.76,117.42,23881490
2025-07-24,118.18,118.26,119.38,117.48,17217360
2025-07-25,118.46,114.68,118.9,113.2,30439060
2025-07-26,114.68,114.46,114.9,114.06,685470
2025-07-27,114.44,114.3,114.6,114.0,457380
2025-07-28,114.08,117.0,117.68,113.42,45130920
2025-07-29,117.06,122.9,123.32,116.14,75496420
2025-07-30,122.9,119.46,123.2,119.16,34012110
2025-07-31,119.76,120.86,121.6,117.82,29053530
2025-08-01,121.38,120.12,121.9,118.7,14524970
2025-08-04,119.54,120.68,121.96,118.42,14248820
2025-08-05,121.04,122.16,122.36,120.12,11836210
2025-08-06,122.4,123.7,126.48,119.7,37809550
2025-08-07,123.7,125.5,127.8,122.92,37266360
2025-08-08,126.0,128.3,128.8,124.1,20464710
2025-08-11,130.0,128.1,130.96,126.9,30705820
2025-08-12,128.2,128.2,128.68,126.54,12096860
2025-08-13,128.32,128.2,129.5,127.58,13315860
2025-08-14,127.72,131.46,131.64,127.08,25471320
2025-08-15,131.64,130.58,132.64,130.1,26485210
2025-08-16,128.84,126.98,128.84,126.6,6220990
2025-08-17,127.02,126.6,127.18,126.6,1579670
2025-08-18,126.38,129.88,131.4,125.44,21130310
2025-08-19,130.02,128.34,131.0,127.8,17584330
2025-08-20,128.34,125.72,129.08,125.3,12848720
2025-08-21,125.72,121.8,126.12,121.5,22046210
2025-08-22,121.96,122.94,124.52,120.98,15463050
2025-08-23,123.02,123.1,123.3,122.92,305490
2025-08-24,123.1,122.12,123.38,121.94,630270
2025-08-25,121.88,123.42,123.66,120.0,12455480
2025-08-26,123.5,122.96,125.16,121.86,10236960
2025-08-27,123.0,127.1,127.54,122.16,17141350
2025-08-28,127.16,124.32,127.16,123.84,15706360
2025-08-29,124.52,125.44,125.78,124.0,8749820
2025-08-30,125.44,125.18,125.68,125.04,403460
2025-08-31,125.2,125.48,125.9,125.18,567190
2025-09-01,125.54,123.2,126.58,122.7,7441570
2025-09-02,123.18,123.36,123.86,121.22,11377110
2025-09-03,123.3,124.88,125.3,122.08,9821960
2025-09-04,124.96,124.7,125.7,123.34,11231580
2025-09-05,124.8,126.0,126.24,123.5,10554290
2025-09-06,126.0,126.14,126.32,125.7,321620
2025-09-07,126.0,126.6,127.0,126.0,859260
2025-09-08,126.5,129.18,129.28,125.66,13595130
2025-09-09,129.28,130.2,130.5,128.64,18752630
2025-09-10,130.1,129.66,131.76,128.5,21523820
2025-09-11,129.66,129.44,130.32,127.5,19281990
2025-09-12,129.7,124.04,130.02,124.0,35548180
2025-09-13,124.2,123.42,124.5,123.32,1180130
2025-09-14,123.44,124.6,124.62,123.0,1035960
2025-09-15,124.4,123.56,125.04,122.44,15037630
2025-09-16,123.7,124.12,125.12,121.38,17434070
2025-09-17,124.46,126.3,126.36,122.5,11720530
2025-09-18,126.4,122.88,126.7,122.7,20667790
2025-09-19,122.88,119.28,124.48,119.06,23014240
2025-09-22,119.4,121.8,122.32,117.42,22541230
2025-09-23,121.7,119.34,123.9,118.08,22833810
2025-09-24,119.4,123.7,123.7,117.66,20348270
2025-09-25,123.82,120.56,123.86,120.1,14939840
2025-09-26,120.6,122.78,123.68,119.84,16976630
2025-09-27,122.78,123.56,123.8,122.6,891990
2025-09-28,123.54,122.9,123.72,122.88,492130
2025-09-29,123.0,125.96,127.2,122.66,46155010
2025-09-30,125.96,123.88,125.98,122.42,22833480
2025-10-01,123.98,121.1,124.58,120.46,15295860
2025-10-02,121.22,121.4,122.12,120.2,15221890
2025-10-03,121.5,120.08,122.7,119.5,12249780
2025-10-04,120.0,118.66,120.64,118.02,2671140
2025-10-05,118.68,120.14,120.2,118.3,1188690
2025-10-06,120.4,124.02,124.66,119.32,19252860
2025-10-07,124.0,125.96,126.0,123.04,26754760
2025-10-08,125.94,121.86,126.76,121.0,36517380
2025-10-09,122.46,128.68,130.5,120.0,77439860
2025-10-10,129.0,125.64,129.78,125.5,41786980
2025-10-11,125.48,126.24,126.24,124.96,1260300
2025-10-12,126.2,126.6,126.9,125.52,1158170
2025-10-13,126.84,129.04,129.8,126.72,42791870
2025-10-14,129.04,126.56,129.34,125.78,30608660
2025-10-15,126.7,125.22,127.9,125.0,21567760
2025-10-16,126.08,134.34,135.0,124.58,51869050
2025-10-17,134.3,131.52,134.32,130.8,32810870
2025-10-18,132.34,133.24,133.68,131.94,2612390
2025-10-19,133.28,132.88,133.62,132.3,1437770
2025-10-20,133.2,133.54,133.9,131.8,13660620
2025-10-21,133.68,128.0,133.68,126.52,36004060
2025-10-22,128.1,127.3,130.86,125.7,21988170
2025-10-23,126.0,127.36,128.38,125.5,18521680
2025-10-24,127.42,126.18,128.36,125.0,15606790
2025-10-27,125.8,118.5,126.0,118.22,28347576
2025-10-28,118.42,122.6,123.3,117.9,25199660
2025-10-29,122.58,125.3,125.9,122.18,22874910
2025-10-30,125.3,126.7,126.72,124.42,16330990
2025-10-31,126.36,123.94,126.7,123.52,11621130
2025-11-01,123.92,125.12,125.5,123.88,3362380
2025-11-03,125.34,127.0,127.38,125.18,4260620
2025-11-05,126.94,125.02,126.94,124.36,10686430
2025-11-06,124.72,124.74,125.44,123.82,5531470
2025-11-07,124.3,126.52,127.5,123.66,9359250
2025-11-08,126.52,126.34,126.7,126.2,441670
2025-11-09,126.34,126.98,126.98,126.2,496920
2025-11-10,127.0,126.56,127.72,125.82,9226000
2025-11-11,126.56,126.82,128.1,126.0,12876870
2025-11-12,126.96,124.7,127.28,123.92,15541950
2025-11-13,124.7,125.38,126.3,124.04,10535760
2025-11-14,125.38,123.9,125.74,122.66,7258620
2025-11-15,123.9,123.84,124.1,123.74,246810
2025-11-16,123.9,123.48,124.08,123.38,424750
2025-11-17,123.1,123.02,124.38,122.24,8041610
2025-11-18,123.3,127.0,127.7,122.38,21962450
2025-11-19,127.4,129.8,131.94,126.42,27813210
2025-11-20,129.82,133.38,134.5,128.72,19808590
2025-11-21,133.32,132.62,133.86,130.22,19349510
2025-11-24,132.62,129.8,134.36,128.74,20853250
2025-11-25,129.7,132.34,133.34,128.8,17867370
2025-11-26,132.64,131.36,132.64,130.88,5116640
2025-11-27,131.5,127.86,132.12,126.9,16781380
2025-11-28,128.08,130.96,131.4,127.54,10777430
2025-11-29,130.86,130.76,131.18,130.36,451090
2025-11-30,130.62,131.48,131.54,130.46,978190
2025-12-01,131.7,131.1,132.24,130.02,10576910
2025-12-02,131.26,130.96,131.78,130.42,10272730
2025-12-03,129.6,129.96,130.14,128.1,15771220
2025-12-04,130.0,128.94,130.66,128.9,7912390
2025-12-05,128.9,134.02,134.5,128.9,24123770
2025-12-08,134.0,133.02,135.52,133.0,19235930
2025-12-09,133.1,137.8,138.88,132.74,31312190
2025-12-10,137.98,136.9,138.12,135.56,16534620
2025-12-11,136.9,136.36,139.44,135.84,22972410
2025-12-12,136.4,136.78,138.5,135.6,18289030
2025-12-13,136.8,136.82,137.36,136.38,1148530
2025-12-14,136.82,136.12,136.98,136.02,877530
2025-12-15,137.08,139.0,139.46,136.16,17239880
2025-12-16,139.2,140.48,141.24,138.44,17542630
2025-12-17,140.5,140.44,141.48,139.2,15036180
2025-12-18,140.48,142.68,143.44,140.02,28855610
2025-12-19,142.78,142.2,144.58,141.0,24671850
2025-12-20,142.2,142.28,142.54,142.06,473940
2025-12-21,142.3,141.98,142.64,141.88,502520
2025-12-22,142.02,143.42,144.2,141.94,29617610
2025-12-23,143.58,148.08,148.12,143.48,35146210
2025-12-24,148.34,145.72,148.6,144.6,35143490
2025-12-25,145.62,147.16,147.54,144.64,16335290
2025-12-26,147.4,152.0,152.0,147.3,31280500
2025-12-27,152.26,152.56,152.76,151.94,3495290
2025-12-28,152.7,152.72,152.98,151.3,3308550
2025-12-29,152.68,148.7,153.1,148.08,35374120
2025-12-30,148.7,149.46,149.92,148.32,16907270
2026-01-05,149.08,150.62,150.84,147.4,10708630
2026-01-06,150.7,152.64,153.0,150.68,9874820
2026-01-08,151.44,149.46,151.44,149.0,10119260
2026-01-09,149.46,149.9,150.72,149.38,6327590
2026-01-12,150.28,156.52,156.78,150.0,48546160
2026-01-13,156.22,156.5,158.52,154.28,37512090
2026-01-14,159.0,157.06,159.0,155.86,23921080
2026-01-15,156.0,156.4,157.16,155.08,15319860
2026-01-16,155.88,156.36,156.9,155.3,18110290
2026-01-17,156.16,156.38,156.6,156.16,543170
2026-01-18,156.32,156.66,156.9,156.1,620300
2026-01-19,157.2,158.72,159.54,157.1,20035340
2026-01-20,158.42,158.84,159.66,157.92,14590700
2026-01-21,159.1,162.0,163.08,158.84,26608880
2026-01-22,162.08,161.88,162.42,159.38,18126140
2026-01-23,161.32,165.36,165.38,161.32,21661760
2026-01-24,165.5,166.04,166.72,165.1,4415060
2026-01-25,166.06,169.04,169.34,166.04,8996520
2026-01-26,169.8,166.48,170.4,165.72,41207470
2026-01-27,166.8,165.94,167.5,163.68,36699270
2026-01-28,166.78,168.3,169.3,166.58,23706600
2026-01-29,168.82,170.52,173.2,166.68,56873430
2026-01-30,168.18,160.0,169.22,159.12,47159840
2026-01-31,160.12,160.2,161.64,159.88,2942940
2026-02-01,160.48,160.86,161.52,160.06,1772400
2026-02-02,159.5,160.44,162.28,155.92,43284410
2026-02-03,161.06,162.08,163.84,161.04,23628560
2026-02-04,162.7,158.1,163.74,156.5,25712970
2026-02-05,156.88,153.04,157.24,152.96,29841770
2026-02-06,152.8,156.92,157.34,152.3,19705500
2026-02-07,157.36,157.88,158.22,157.0,1660180
2026-02-08,157.7,156.6,157.88,156.4,1645600
