begin,open,close,high,low,volume,ema_20,ema_50,ema_200,rsi_14
2025-12-08 08:00:00,54850,54857,54857,54850,6,54857.0,54857.0,54857.0,
2025-12-08 09:00:00,54963,55023,55200,54879,260,54872.80952380953,54863.509803921566,54858.651741293535,
2025-12-08 10:00:00,54978,55128,55164,54645,482,54897.11337868481,54873.88196847366,54861.33182346972,
2025-12-08 11:00:00,55178,54922,55178,54868,137,54899.48353309578,54875.768950102145,54861.935486917784,
2025-12-08 12:00:00,54942,54999,55045,54776,243,54908.961291848565,54880.601540294214,54863.29931291861,
2025-12-08 13:00:00,54977,54913,55020,54690,153,54909.345930720134,54881.87206812581,54863.793847118424,
2025-12-08 14:00:00,54838,54813,54969,54813,35,54900.17012779441,54879.17120270912,54863.288435704315,
2025-12-08 15:00:00,54740,54745,54788,54588,64,54885.39202038542,54873.90958691661,54862.11143634407,
2025-12-08 16:00:00,54711,54668,54902,54668,89,54864.68801844395,54865.83470115518,54860.179979266024,
2025-12-08 17:00:00,54721,54517,54746,54510,47,54831.57487383024,54852.154908953016,54856.765253104175,
2025-12-08 18:00:00,54502,54435,54583,54408,65,54793.80583822736,54835.795892915645,54852.56858391906,
2025-12-08 19:00:00,54449,54620,54700,54449,14,54777.25290125333,54827.33330887974,54850.25446865619,
2025-12-08 20:00:00,54666,54570,54695,54455,32,54757.51452970539,54817.24180657073,54847.46586697802,
2025-12-08 21:00:00,54489,54111,54489,54065,129,54695.9417173525,54789.54604945031,54840.13784840112,
2025-12-08 22:00:00,54168,54149,54222,54089,34,54643.852029985595,54764.4265965307,54833.26085488469,30.864864864864856
2025-12-08 23:00:00,54175,54144,54230,54144,34,54596.24707474887,54740.096141764785,54826.402537920665,23.978685612788624
2025-12-09 09:00:00,54145,54122,54145,53886,89,54551.08068667755,54715.85707738186,54819.39355744385,18.679950186799502
2025-12-09 10:00:00,54114,54021,54276,53986,55,54500.59681175588,54688.60778022963,54811.44934294193,19.986675549633574
2025-12-09 11:00:00,54025,54090,54156,53800,155,54461.49235349342,54665.13296531867,54804.27074251465,19.55793703951774
2025-12-09 12:00:00,54127,54103,54212,54032,36,54427.35022458928,54643.088535306175,54797.29292418118,21.478873239436624
2025-12-09 13:00:00,54102,54165,54216,54102,29,54402.364488914114,54624.33996529417,54791.001452298784,26.555716353111436
2025-12-09 14:00:00,54117,54467,54539,54113,184,54408.52025187468,54618.16977057676,54787.77755725104,41.39851485148515
2025-12-09 15:00:00,54476,54307,54476,54299,36,54398.85165645804,54605.96703447571,54782.99370095999,39.37610359034727
2025-12-09 16:00:00,54349,54479,54599,54325,35,54406.484832033464,54600.98793508451,54779.968888015115,48.8953488372093
2025-12-09 17:00:00,54467,53936,54467,53849,204,54361.67675279218,54574.9099768459,54771.57118763686,38.5602934433746
2025-12-09 18:00:00,53905,53906,54125,53729,58,54318.27896681197,54548.67821304802,54762.95853900366,32.37907206317868
2025-12-09 19:00:00,53960,54027,54104,53960,21,54290.53811282988,54528.22024390889,54755.635568466314,37.05293276108727
2025-12-09 20:00:00,54049,54111,54111,54000,28,54273.43924494132,54511.85866571638,54749.22128420297,50.0
2025-12-09 21:00:00,54128,54380,54380,54096,34,54283.58788828024,54506.68773764908,54745.54744057906,55.91397849462366
2025-12-09 22:00:00,54380,54512,54700,54380,125,54305.34142272974,54506.89606166284,54743.22358544892,58.84615384615385
2025-12-09 23:00:00,54523,54450,54530,54350,36,54319.11843008881,54504.664843558414,54740.30593783251,57.735849056603776
2025-12-10 09:00:00,54298,54350,54350,54200,140,54322.05953198511,54498.59955557573,54736.42229666005,57.763095799905614
2025-12-10 10:00:00,54345,54235,54531,54225,70,54313.76814798653,54488.26231810218,54731.43302007637,53.34872979214781
2025-12-10 11:00:00,54258,54262,54341,54258,33,54308.83784817829,54479.38928601974,54726.76204475223,53.6484625975218
2025-12-10 12:00:00,54298,54383,54471,54286,60,54315.900910256554,54475.60931401896,54723.341526894,54.8704200178731
2025-12-10 13:00:00,54372,54297,54372,54191,47,54314.10082356545,54468.60502719469,54719.0993226463,45.796241345202766
2025-12-10 14:00:00,54317,54307,54320,54193,16,54313.424554654455,54462.26757514784,54714.9988318737,50.0
2025-12-10 15:00:00,54306,54325,54340,54274,6,54314.5269780207,54456.88453298518,54711.11824648192,45.51804423748545
2025-12-10 16:00:00,54314,54238,54314,54198,27,54307.23869439968,54448.30082580929,54706.41060223832,61.965134706814574
2025-12-10 17:00:00,54254,54208,54333,54178,68,54297.78739017114,54438.87726401285,54701.45129276332,61.965134706814574
2025-12-10 18:00:00,54225,54299,54376,54225,18,54297.902876821514,54433.39188111039,54697.44680228806,61.038961038961034
2025-12-10 19:00:00,54271,54372,54372,54271,23,54304.959745695654,54430.98435636096,54694.208525648384,60.68796068796069
2025-12-10 20:00:00,54302,54321,54321,54301,16,54306.487388962734,54426.67124434681,54690.495007980244,47.05882352941176
2025-12-10 21:00:00,54364,54354,54369,54300,21,54311.012399537714,54423.82139162733,54687.14679894562,41.26106194690266
2025-12-10 22:00:00,54390,54331,54390,54300,14,54312.915980534126,54420.18133705371,54683.60304970238,43.12138728323699
2025-12-10 23:00:00,54331,54390,54390,54311,5,54320.257315721356,54418.99775520847,54680.681626322264,52.42718446601941
2025-12-11 09:00:00,54412,54480,54480,54360,221,54335.470904700276,54421.390000102256,54678.68479421956,65.33166458072591
2025-12-11 10:00:00,54442,54500,54533,54394,217,54351.14034234787,54424.47274519628,54676.90683606812,65.02525252525253
2025-12-11 11:00:00,54518,54979,55090,54515,387,54410.9365002195,54446.21891205133,54679.9127381968,75.91304347826087
2025-12-11 12:00:00,54999,54799,55047,54779,138,54447.89492877002,54460.0534645199,54681.097686075445,70.17684887459806
2025-12-11 13:00:00,54853,54970,55015,54800,89,54497.61922126811,54480.05136787206,54683.97233596525,73.59430604982207
2025-12-11 14:00:00,54962,54949,55030,54926,133,54540.607866861625,54498.441510308454,54686.60942714968,72.1590909090909
2025-12-11 15:00:00,54947,55204,55249,54945,450,54603.78807001766,54526.110470688516,54691.75759205366,80.64720812182742
2025-12-11 16:00:00,55229,55619,55640,55061,1210,54700.47492049217,54568.96888360269,54700.983884670044,85.97654258031616
2025-12-11 17:00:00,55636,55710,55981,55556,670,54796.62016615958,54613.71520189279,54711.023846016615,85.97654258031616
2025-12-11 18:00:00,55700,55600,55994,55402,614,54873.132531287236,54652.393037112684,54719.869379887095,80.73073073073073
2025-12-11 19:00:00,55950,56160,56436,55950,549,54995.69133783131,54711.514878794536,54734.199037798666,86.67730355005983
2025-12-11 20:00:00,56160,56020,56221,56010,285,55093.24454375214,54762.8280208026,54746.99307722355,81.86687069625096
2025-12-11 21:00:00,56030,55933,56037,55795,213,55173.22125387099,54808.71711802603,54758.79414113178,79.91038088125467
2025-12-11 22:00:00,55960,55929,55960,55859,50,55245.20018207375,54852.64978006422,54770.43798052351,79.33663743804803
2025-12-11 23:00:00,55960,55960,56005,55900,57,55313.276355209586,54896.075278885226,54782.27441852825,78.86115444617785
2025-12-12 09:00:00,56047,56115,56115,55897,160,55389.630988046774,54943.87624834071,54795.53536958767,79.91848832901074
2025-12-12 10:00:00,56080,55898,56092,55821,145,55438.04708442327,54981.29286605284,54806.50516690521,68.85514977431268
2025-12-12 11:00:00,55815,55802,56083,55679,239,55472.70926685915,55013.47745954097,54816.410588130035,71.31321716957076
2025-12-12 12:00:00,55770,55853,55955,55769,126,55508.92743192019,55046.39991210799,54826.72491063621,69.77160770264219
2025-12-12 13:00:00,55862,55975,56077,55862,239,55553.31529554684,55082.81560182924,54838.15053341595,71.97943444730078
2025-12-12 14:00:00,56051,55955,56130,55888,168,55591.57098168523,55117.018911561434,54849.263463431715,67.88947117675083
2025-12-12 15:00:00,55994,56097,56097,55958,215,55639.70707866759,55155.449542480594,54861.6787523528,63.08871851040526
2025-12-12 16:00:00,56036,55760,56063,55760,143,55651.16354736592,55179.15740355979,54870.61727222989,51.20656370656371
2025-12-12 17:00:00,55808,55846,55944,55752,101,55669.71939999773,55205.308093616266,54880.32257300372,56.005859375
2025-12-12 18:00:00,55877,55441,55877,55403,376,55647.93659999795,55214.55091347445,54885.901452874336,31.00898045430533
2025-12-12 19:00:00,55466,55271,55580,55203,351,55612.037876188624,55216.764603142125,54889.7332792139,30.525221008840347
2025-12-12 20:00:00,55286,55361,55540,55286,90,55588.12950702781,55222.420893214985,54894.42250031625,35.150571131879545
2025-12-12 21:00:00,55342,55142,55424,55100,229,55545.64098254897,55219.267132696754,54896.88595802455,31.620737972909865
2025-12-12 22:00:00,55160,55235,55235,55132,56,55516.056127068114,55219.88410788511,54900.25027685017,33.545165683159325
2025-12-12 23:00:00,55156,55147,55247,55055,71,55480.907924490195,55217.025907575895,54902.70549797604,27.340823970037448
2025-12-13 10:00:00,55407,55564,55577,55404,61,55488.82145549113,55230.63273472978,54909.285542772304,42.851027397260275
2025-12-13 11:00:00,55543,55461,55564,55441,19,55486.171793063404,55239.666745132534,54914.775238864124,42.72300469483568
2025-12-13 12:00:00,55374,55354,55395,55353,13,55473.584003247845,55244.15040218616,54919.14563449732,39.59983326385994
2025-12-13 14:00:00,55393,55373,55393,55051,216,55464.00457436709,55249.20332759063,54923.661598333165,36.890243902439025
2025-12-13 15:00:00,55293,55333,55333,55293,4,55451.52794823689,55252.48947160668,54927.73461725523,36.571675302245254
2025-12-13 16:00:00,55424,55449,55449,55424,4,55451.28719126195,55260.19576683779,54932.921337481544,35.851528384279476
2025-12-13 17:00:00,55449,55449,55449,55449,1,55451.06936352272,55267.59985441278,54938.05644855138,42.037890424987204
2025-12-13 18:00:00,55432,55432,55432,55432,2,55449.25323366341,55274.04691894561,54942.97130975983,39.01273885350319
2025-12-14 10:00:00,55379,55400,55652,55379,64,55444.562449504985,55278.98625545755,54947.518858916446,48.6432825943084
2025-12-14 11:00:00,55374,55300,55400,55300,12,55430.794597171174,55279.81032387098,54951.02613395211,51.0062456627342
2025-12-14 12:00:00,55287,55185,55310,55185,33,55407.385587916775,55276.092271954476,54953.35423212174,43.99727148703956
2025-12-14 13:00:00,55152,55234,55234,55152,14,55390.872674781844,55274.44159462293,54956.146727324514,53.54938271604938
2025-12-14 14:00:00,55225,55318,55318,55225,31,55383.93242004072,55276.14976738282,54959.747257400886,53.22455322455322
2025-12-14 15:00:00,55224,55223,55224,55223,5,55368.60552289399,55274.065462779574,54962.3666876755,52.936630602782074
2025-12-14 16:00:00,55209,55209,55209,55209,1,55353.404996904086,55271.513876003904,54964.82075048471,30.078563411896738
2025-12-14 17:00:00,55258,55160,55259,55159,12,55334.98547338942,55267.14078282728,54966.76283256944,32.019115890083626
2025-12-14 18:00:00,55159,55212,55213,55159,3,55323.272571161855,55264.978399187,54969.203003389644,40.92071611253197
2025-12-15 08:00:00,55265,55283,55371,55265,7,55319.437088194056,55265.68512863065,54972.32536156488,44.60431654676259
2025-12-15 09:00:00,55486,55595,55677,55389,337,55345.68117503272,55278.5994373118,54978.5211291115,61.84448462929475
2025-12-15 10:00:00,55608,55496,55619,55389,394,55359.99725360103,55287.124949574085,54983.67017260293,52.157943067033976
2025-12-15 11:00:00,55490,55407,55506,55305,288,55364.47370563903,55291.82593194373,54987.88240969146,48.217317487266556
2025-12-15 12:00:00,55474,55480,55595,55465,73,55375.47620986389,55299.205307161625,54992.77910213234,51.94489465153972
2025-12-15 13:00:00,55480,55508,55604,55451,91,55388.097523210185,55307.393334331755,54997.905678230534,54.390243902439025
2025-12-15 14:00:00,55490,55752,55786,55419,413,55422.75490195207,55324.828889848155,55005.4091043178,66.44832605531295
2025-12-15 15:00:00,55785,55711,55883,55610,635,55450.206816051876,55339.97285495215,55012.429909249964,70.23076923076923
2025-12-15 16:00:00,55671,55718,55759,55592,55,55475.71092880884,55354.7974488756,55019.45050716787,69.2368839427663
2025-12-15 17:00:00,55759,55769,55871,55500,530,55503.64322130324,55371.0406861746,55026.90871107665,68.40816326530613
2025-12-15 18:00:00,55778,55753,55821,55594,472,55527.39148594103,55386.01948279521,55034.13350002116,73.1239092495637
2025-12-15 19:00:00,55696,55561,55889,55391,672,55530.592296803785,55392.88146386207,55039.37595275727,63.29305135951661
2025-12-15 20:00:00,55600,55657,55695,55561,144,55542.63112567961,55403.23905351454,55045.52146566516,68.12545587162654
2025-12-15 21:00:00,55649,55447,55649,55447,49,55533.523399424404,55404.955169062996,55049.516276952076,57.68476128188358
2025-12-15 22:00:00,55617,55556,55618,55521,7,55535.664028050654,55410.87849576641,55054.55591598738,58.71091257179324
2025-12-15 23:00:00,55582,55650,55650,55524,103,55546.55316823631,55420.25580965792,55060.48073274372,52.038547071905114
2025-12-16 09:00:00,55592,55495,55610,55451,221,55541.64334268999,55423.186954377226,55064.8043075423,49.9644128113879
2025-12-16 10:00:00,55494,55965,56011,55478,553,55581.96302433856,55444.43452479381,55073.76147861153,65.62150055991042
2025-12-16 11:00:00,55965,55965,56075,55788,456,55618.442736306315,55464.848857154844,55082.62952360047,64.15645067133684
2025-12-16 12:00:00,55902,55940,55974,55811,185,55649.06723761048,55483.48223530564,55091.16057311689,62.63157894736842
2025-12-16 13:00:00,55900,56008,56014,55877,177,55683.251310219006,55504.0515594113,55100.28335348389,58.34419817470665
2025-12-16 14:00:00,56024,56065,56095,55960,129,55719.60832829338,55526.049537473606,55109.882524095985,61.41935483870967
2025-12-16 15:00:00,56090,56130,56172,56000,200,55758.693249408294,55549.73386933739,55120.0329467418,62.81094527363184
2025-12-16 16:00:00,56131,56090,56200,56053,406,55790.24627327417,55570.920776422194,55129.68436020705,60.05009392611146
2025-12-16 17:00:00,56090,56273,56290,56074,328,55836.22281867663,55598.45329499387,55141.06063522987,64.73922902494331
2025-12-16 18:00:00,56277,56095,56337,56095,439,55860.868264516954,55617.92571479804,55150.552569207684,65.25714285714287
2025-12-16 19:00:00,56128,55995,56128,55950,83,55873.64271551534,55632.7129416687,55158.955031205616,59.63511972633979
2025-12-16 20:00:00,56015,56015,56095,56000,58,55887.10531403769,55647.70459101503,55167.47289159163,68.15856777493606
2025-12-16 21:00:00,56020,56120,56120,56015,127,55909.28576031982,55666.22597960267,55176.95077326733,68.07692307692308
2025-12-16 22:00:00,56120,56155,56155,56120,55,55932.687116479836,55685.3935882457,55186.68260636915,66.82211858760826
2025-12-16 23:00:00,56132,56192,56230,56109,71,55957.38358157699,55705.26050635371,55196.68576451473,75.19884309472162
2025-12-17 08:00:00,56258,56258,56258,56258,2,55986.0137166649,55726.93656492807,55207.24610516633,64.96424923391217
2025-12-17 09:00:00,56375,56300,56423,56258,302,56015.91717222062,55749.40964081325,55218.11927824925,66.40548481880509
2025-12-17 10:00:00,56300,56334,56334,56112,558,56046.210774866275,55772.33475293822,55229.22256901294,69.126213592233
2025-12-17 11:00:00,56270,56338,56467,56237,435,56074.00022487901,55794.517703803394,55240.25518026655,67.08074534161491
2025-12-17 12:00:00,56240,56162,56240,56022,547,56082.381155842915,55808.92877424248,55249.426770512655,54.47004608294931
2025-12-17 13:00:00,56131,56150,56264,56044,608,56088.821045762634,55822.30411642905,55258.38769816925,50.96899224806201
2025-12-17 14:00:00,56181,56002,56191,55850,744,56080.55237473762,55829.35101382399,55265.786825550655,46.14035087719298
2025-12-17 15:00:00,55967,55973,55988,55837,190,56070.30929142928,55834.98430739952,55272.82377256011,34.78701825557809
2025-12-17 16:00:00,55930,55813,55974,55783,331,56045.80364462649,55834.12217769758,55278.19866039533,35.43388429752066
2025-12-17 17:00:00,55778,55662,55780,55560,672,56009.25091656682,55827.37228837611,55282.01757919736,33.66045142296369
2025-12-17 18:00:00,55664,55800,55914,55587,439,55989.32225784617,55826.29886530254,55287.171633135695,40.5452946350044
2025-12-17 19:00:00,55841,55810,56045,55810,177,55972.2439475751,55825.659694114205,55292.37390544281,35.12476007677543
2025-12-17 20:00:00,55791,55833,55927,55740,103,55958.982619234615,55825.94754924699,55297.75326956776,34.368932038834956
2025-12-17 21:00:00,55940,55860,55941,55771,49,55949.55570311703,55827.2829394726,55303.347764397935,33.725490196078425
2025-12-17 22:00:00,55859,55897,55950,55711,187,55944.550398058265,55830.016941846225,55309.254751816865,31.78607467204843
2025-12-17 23:00:00,55949,55985,55985,55878,17,55948.40274110033,55836.09470883265,55315.97858513212,34.81195756991322
2025-12-18 08:00:00,55886,55886,55886,55886,2,55942.4596229003,55838.05177907451,55321.65044000643,29.673321234119783
2025-12-18 09:00:00,55870,55975,56000,55860,211,55945.55870643361,55843.42229754217,55328.15143065314,34.70935130581297
2025-12-18 10:00:00,55999,56054,56119,55861,458,55955.88644867803,55851.680246658165,55335.37380447749,45.04587155963302
2025-12-18 11:00:00,56041,56001,56066,55878,402,55960.18297737536,55857.535923259806,55341.99695070159,43.41290893015031
2025-12-18 12:00:00,55995,56241,56282,55919,1109,55986.927455720564,55872.573730190794,55350.94225467471,59.7710547833197
2025-12-18 13:00:00,56241,56282,56395,56141,1358,56015.02960279479,55888.62966234017,55360.20651084711,62.51012145748989
2025-12-18 14:00:00,56282,56254,56334,56123,343,56037.78868824291,55902.95791087585,55369.09997840087,69.9909338168631
2025-12-18 15:00:00,56254,56540,56570,56254,1296,56085.618336981686,55927.939953586596,55380.75072488445,85.46042003231018
2025-12-18 16:00:00,56539,57286,57438,56539,4289,56199.94040012629,55981.19721030869,55399.70842911446,90.24918743228602
2025-12-18 17:00:00,57301,57204,57450,57024,2062,56295.565123923785,56029.15026088482,55417.66157907352,86.33993743482795
2025-12-18 18:00:00,57200,57144,57248,56850,1469,56376.36844545485,56072.86985849718,55434.83907579916,83.52941176470588
2025-12-18 19:00:00,57141,57146,57280,57016,861,56449.66668874487,56114.953393458076,55451.86555265688,83.3160621761658
2025-12-18 20:00:00,57145,57158,57200,57125,434,56517.1270041025,56155.85718194992,55468.84201481949,83.0971128608924
2025-12-18 21:00:00,57157,57245,57245,57133,196,56586.448241807026,56198.56866501071,55486.51522860238,83.08823529411765
2025-12-18 22:00:00,57246,57309,57376,57208,206,56655.26269496826,56242.11499187304,55504.64940543221,88.06848582129481
2025-12-18 23:00:00,57272,57231,57349,57209,249,56710.094819257,56280.89479611331,55521.82702328861,83.79978471474703
2025-12-19 08:00:00,57460,57460,57460,57460,3,56781.51436028015,56327.13421587358,55541.11232653948,85.00996015936255
2025-12-19 09:00:00,57462,57901,58048,57460,1603,56888.13204025347,56388.85444270207,55564.59379592715,89.64941569282136
2025-12-19 10:00:00,57920,57895,58040,57800,1533,56984.024226896,56447.918974360815,55587.78191736071,88.25161887141536
2025-12-19 11:00:00,57857,57789,57914,57649,857,57060.68858623924,56500.510387130984,55609.68458484967,83.83475527615626
2025-12-19 12:00:00,57790,57805,57924,57756,687,57131.57538754978,56551.66684253762,55631.52851932878,85.01128668171557
2025-12-19 13:00:00,57843,57245,57982,56933,7235,57142.37773159266,56578.85637812438,55647.58296192252,64.16231418240257
2025-12-19 14:00:00,57243,57755,57760,57189,5431,57200.72270953622,56624.97965741362,55668.552285684484,60.408344429649354
2025-12-19 15:00:00,57754,57485,57779,57414,1179,57227.79673719943,56658.70594535818,55686.62639229459,55.75583777140516
2025-12-19 16:00:00,57475,57675,57782,57350,1612,57270.38752413282,56698.56061416766,55706.41120431156,60.3267211201867
2025-12-19 17:00:00,57675,57343,57675,57301,1350,57277.30299802493,56723.8327469454,55722.6956699403,53.39538090313685
2025-12-19 18:00:00,57335,57429,57528,57179,513,57291.75033154636,56751.486364712255,55739.67382247821,54.5546218487395
2025-12-19 19:00:00,57302,57402,57410,57250,275,57302.25029997052,56776.99670335099,55756.21438145853,52.692967409948544
2025-12-19 20:00:00,57387,57569,57621,57342,252,57327.655033306655,56808.05565616075,55774.25204930472,54.30748840291583
2025-12-19 21:00:00,57563,57443,57563,57443,45,57338.640268229836,56832.95543435052,55790.856506525575,53.457273320287015
2025-12-19 22:00:00,57456,57481,57513,57443,80,57352.19833792224,56858.36894672894,55807.67385471935,50.36521739130434
2025-12-19 23:00:00,57516,57600,57600,57508,143,57375.79849621536,56887.45251744545,55825.507945717174,44.104974539757144
2025-12-20 10:00:00,57660,57614,57660,57557,124,57398.48435371865,56915.94457558484,55843.30388655581,44.513861772745024
2025-12-20 11:00:00,57614,57515,57615,57515,32,57409.581081935925,56939.43694516976,55859.93767872939,44.63586530931872
2025-12-20 12:00:00,57595,57593,57650,57593,18,57427.049550322976,56965.06686888859,55877.182079936065,45.9480122324159
2025-12-20 13:00:00,57639,57451,57640,57316,112,57429.33054553031,56984.123070108646,55892.8419597377,54.68607825295723
2025-12-20 14:00:00,57416,57425,57425,57375,95,57428.91811262266,57001.41236147694,55908.087313372154,40.37339556592766
2025-12-20 15:00:00,57427,57495,57495,57421,18,57435.211625706215,57020.76873945824,55923.87748935851,50.330250990752965
2025-12-20 16:00:00,57512,57488,57516,57420,417,57440.23908992467,57039.09153398929,55939.440897424596,42.97520661157024
2025-12-20 17:00:00,57511,57526,57600,57511,46,57448.40679564612,57058.185983636766,55955.22755516167,58.82352941176471
2025-12-20 18:00:00,57594,57600,57600,57554,6,57462.84424367982,57079.4335921216,55971.59345013519,58.34146341463415
2025-12-21 10:00:00,57553,57520,57560,57519,13,57468.28764904365,57096.710706156045,55987.00048048211,55.47309833024119
2025-12-21 11:00:00,57585,57560,57585,57559,3,57477.02215865854,57114.87891375777,56002.65221699473,49.526813880126184
2025-12-21 12:00:00,57554,57434,57563,57434,59,57472.92481021487,57127.393466159425,56016.894483492295,49.526813880126184
2025-12-21 13:00:00,57400,57468,57468,57377,11,57472.45578067059,57140.750585133566,56031.33334435307,49.31362196409715
2025-12-21 15:00:00,57453,57478,57478,57453,5,57472.98380155911,57153.97605238323,56045.72803744409,42.720763723150355
2025-12-21 16:00:00,57478,57395,57478,57395,9,57465.55677283919,57163.42797189762,56059.15362911131,37.92723263506064
2025-12-21 17:00:00,57392,57391,57393,57391,24,57458.45612780689,57172.352365156534,56072.40583180672,42.364532019704434
2025-12-21 18:00:00,57400,57322,57400,57322,26,57445.46030611099,57178.220899856286,56084.83960462456,33.12577833125779
2025-12-22 08:00:00,57394,57394,57394,57394,68,57440.55932457661,57186.68282535212,56097.86607622034,46.11186903137789
2025-12-22 09:00:00,57301,57048,57370,56940,1272,57403.17272223598,57181.244283181455,56107.32014511368,32.09876543209876
2025-12-22 10:00:00,57019,56890,57106,56847,1889,57354.29912964207,57169.82293874297,56115.10800436628,23.488168273444344
2025-12-22 11:00:00,56890,56647,56923,56500,3314,57286.9373077714,57149.3200784001,56120.40046203428,19.462599854756718
2025-12-22 12:00:00,56619,56816,56905,56475,1267,57242.086135602694,57136.248702776575,56127.32185047176,26.458885941644567
2025-12-22 13:00:00,56810,57066,57167,56776,1479,57225.31602745006,57133.49385168729,56136.6619315616,34.144893111638964
2025-12-22 14:00:00,57046,56850,57046,56793,515,57189.57164388339,57122.37644573877,56143.75982278984,31.5934065934066
2025-12-22 15:00:00,56830,56925,56963,56786,394,57164.37434446593,57114.6361929647,56151.533356891436,32.884097035040426
2025-12-22 16:00:00,56921,56847,56924,56779,216,57134.148216421556,57104.14065598569,56158.453422992025,33.75760929717765
2025-12-22 17:00:00,56865,56777,56874,56557,5364,57100.134100571886,57091.31161065293,56164.608115300565,31.253391209983718
2025-12-22 18:00:00,56781,56970,57030,56743,4522,57087.740376707894,57086.55429258811,56172.62196489957,37.46298124383021
2025-12-22 19:00:00,56925,56932,57030,56915,173,57072.90795987857,57080.493339937595,56180.177965248826,38.31398283695104
2025-12-22 20:00:00,56933,56930,56941,56867,106,57059.29767798537,57074.591640332204,56187.6388810175,38.35270338554826
2025-12-22 21:00:00,56904,56812,56905,56768,472,57035.74551817724,57064.29392894663,56193.85142946509,37.426035502958584
2025-12-22 22:00:00,56808,56790,56933,56737,241,57012.34118311274,57053.53730428206,56199.78325603758,34.73205257836197
2025-12-22 23:00:00,56753,56796,56881,56712,144,56991.73726091153,57043.43780215335,56205.71576095263,42.30769230769231
2025-12-23 09:00:00,56940,56820,56979,56815,390,56975.38133130091,57034.67553540223,56211.828041938184,47.67287234042553
2025-12-23 10:00:00,56835,56414,56958,56374,1803,56921.91644260558,57010.335318327634,56213.839703212434,43.01139772045591
2025-12-23 11:00:00,56391,56243,56448,56140,1643,56857.257733786,56980.24373721675,56214.129855419276,32.83403235470341
2025-12-23 12:00:00,56229,56150,56270,56072,719,56789.89985437781,56947.68515928668,56213.49174740516,19.70899470899471
2025-12-23 13:00:00,56100,56038,56264,56021,1585,56718.29034443707,56912.011231471515,56211.74556086382,21.16477272727272
2025-12-23 14:00:00,56041,56375,56375,55958,1285,56685.59602591925,56890.95196749224,56213.369983143784,33.532934131736525
2025-12-23 15:00:00,56390,56108,56409,56108,454,56630.586880593604,56860.24796876706,56212.32152560006,30.123722431414734
2025-12-23 16:00:00,56125,56055,56189,55970,1072,56575.76908244183,56828.669617050706,56210.756137285636,30.40173724212812
2025-12-23 17:00:00,56090,55963,56208,55820,1219,56517.41012220928,56794.72178893107,56208.29090208876,21.079839172889137
2025-12-23 18:00:00,55971,55949,56101,55867,454,56463.27582485601,56761.55622858084,56205.71089311276,21.374490390215485
2025-12-23 19:00:00,55968,55991,56032,55945,212,56418.297174869724,56731.338337263944,56203.57446631562,23.27831531018782
2025-12-23 20:00:00,55976,56005,56005,55935,82,56378.93553916785,56702.854480900656,56201.59860097915,25.589836660617053
2025-12-23 21:00:00,56003,56078,56124,56003,185,56350.27501162805,56678.350383610436,56200.36876415349,29.107981220657265
2025-12-23 22:00:00,56101,56128,56178,56076,276,56329.10596290157,56656.76801562571,56199.64867694799,30.892448512585815
2025-12-23 23:00:00,56125,56160,56183,56090,162,56313.00063310142,56637.286916973724,56199.2541627495,31.207289293849655
2025-12-24 09:00:00,56177,55894,56203,55805,1108,56273.095810901286,56608.13841042573,56196.21680789627,33.910891089108915
2025-12-24 10:00:00,55886,55745,55909,55672,1477,56222.80097176783,56574.289845310996,56191.727088414715,34.378920953575914
2025-12-24 11:00:00,55740,55504,55830,55200,3164,56154.34373636137,56532.31769451449,56184.8840328086,31.458094144661317
2025-12-24 12:00:00,55500,55477,55665,55400,878,56089.83480908886,56490.93268688647,56177.840410591605,33.07181653590827
2025-12-24 13:00:00,55457,55574,55610,55455,451,56040.707684413734,56454.97454230268,56171.83204829716,21.736062103034584
2025-12-24 14:00:00,55600,55400,55636,55392,540,55979.68790494576,56413.60299162415,56164.15212741859,23.262839879154072
2025-12-24 15:00:00,55422,55457,55632,55417,651,55929.90810447473,56376.089148815365,56157.11578784228,27.484939759036138
2025-12-24 16:00:00,55455,55464,55522,55340,362,55885.535904048564,56340.32094690104,56150.21911333639,29.92759452936444
2025-12-24 17:00:00,55475,55385,55490,55380,379,55837.865817948696,56302.857380355905,56142.604992805675,28.440366972477065
2025-12-24 18:00:00,55416,55515,55515,55349,1203,55807.11669242977,56271.96101249881,56136.36016700662,32.95128939828081
2025-12-24 19:00:00,55510,55474,55569,55444,316,55775.391293150744,56240.668423773364,56129.769518578694,31.34223471539002
2025-12-24 20:00:00,55456,55558,55575,55456,134,55754.68736046972,56213.89711303716,56124.08026963761,31.868898186889822
2025-12-24 21:00:00,55537,55515,55575,55497,110,55731.859992805934,56186.48938311413,56118.01976944222,28.52137351086195
2025-12-24 22:00:00,55509,55511,55534,55486,49,55710.82570777679,56159.99960338417,56111.979771736325,26.804860614724802
2025-12-24 23:00:00,55497,55430,55518,55400,117,55684.08040227424,56131.372167957335,56105.19390336084,30.889621087314666
2025-12-25 09:00:00,55420,55479,55501,55375,203,55664.54893539097,56105.7889456845,56098.96311825278,38.061041292639146
2025-12-25 10:00:00,55480,55264,55481,55105,957,55626.40141773468,56072.77761448119,56090.6550275239,38.970588235294116
2025-12-25 11:00:00,55269,55585,55697,55268,1593,55622.45842556948,56053.64908057997,56085.62363421521,53.90738060781476
2025-12-25 12:00:00,55602,55486,55656,55482,951,55609.462385039056,56031.388332321934,56079.65722989466,46.820809248554916
2025-12-25 13:00:00,55516,55429,55593,55376,796,55592.27549122582,56007.76526046617,56073.18302860218,51.144435674822404
2025-12-25 14:00:00,55424,55367,55466,55291,1539,55570.82068253764,55982.637211036126,56066.156331800164,46.46226415094339
2025-12-25 15:00:00,55368,55265,55372,55260,1789,55541.694903248346,55954.49457530922,56058.184627006136,42.721287490855886
2025-12-25 16:00:00,55265,55271,55333,55201,596,55515.91443627232,55927.69086647357,56050.35194415036,45.595054095826896
2025-12-25 17:00:00,55248,55222,55264,55161,548,55487.92258519876,55900.01671484715,56042.109636248366,37.92250618301731
2025-12-25 18:00:00,55231,55220,55231,55140,195,55462.40614851316,55873.349392696284,56033.92944086281,39.18228279386712
2025-12-25 19:00:00,55243,55239,55243,55187,89,55441.12937246429,55848.47294592389,56026.01969518259,35.61767357980162
2025-12-25 20:00:00,55224,55262,55277,55191,118,55424.0694322296,55825.47400686805,56018.41750916088,38.38383838383839
2025-12-25 21:00:00,55262,55354,55354,55250,132,55417.39615296964,55806.98483012812,56011.80638966674,43.33050127442651
2025-12-25 22:00:00,55358,55326,55390,55266,113,55408.691757448716,55788.12267992702,56004.982445490954,45.37366548042705
2025-12-25 23:00:00,55325,55134,55329,55064,309,55382.5306376917,55762.47081012597,55996.31595349602,36.385161799526436
2025-12-26 08:00:00,55308,55308,55308,55308,4,55375.432481721065,55744.648425415144,55989.46703853587,51.79445350734095
2025-12-26 09:00:00,55350,55700,55885,55304,1919,55406.343673938114,55742.89750677141,55986.58676949571,54.43330763299923
2025-12-26 10:00:00,55724,55750,55884,55640,1078,55439.07284784877,55743.17603591763,55984.2326722868,60.57692307692307
2025-12-26 11:00:00,55740,55780,55949,55702,3750,55471.542100434606,55744.62011294047,55982.200506393405,64.37346437346437
2025-12-26 12:00:00,55790,55806,55850,55724,554,55503.39523372655,55747.02716733496,55980.44726752382,68.52320675105486
2025-12-26 13:00:00,55780,55734,55855,55695,868,55525.35759241926,55746.51629802772,55977.99505590667,70.3030303030303
2025-12-26 14:00:00,55746,55844,55900,55725,497,55555.704488379335,55750.33918830114,55976.6617717683,72.7561556791104
2025-12-26 15:00:00,55850,56070,56081,55771,1636,55604.68501329559,55762.87490640698,55977.590510357666,79.52646239554318
2025-12-26 16:00:00,56066,56135,56164,56033,2151,55655.19120250553,55777.46804733219,55979.1567739362,80.52034689793196
2025-12-26 17:00:00,56141,56446,56600,56141,2743,55730.50632607644,55803.6849866525,55983.8019801657,83.6962590731435
2025-12-26 18:00:00,56464,56300,56483,56295,525,55784.74381883106,55823.148320509266,55986.948229119276,77.11598746081505
2025-12-26 19:00:00,56396,56320,56500,56260,340,55835.72059799001,55842.632700097136,55990.26217708825,76.22149837133551
2025-12-26 20:00:00,56311,56378,56381,56279,185,55887.3662553243,55863.62749617176,55994.12026487842,78.0982905982906
2025-12-26 21:00:00,56385,56354,56385,56281,150,55931.807564341034,55882.857790439535,55997.7011577652,85.7981220657277
2025-12-26 22:00:00,56365,56396,56535,56358,244,55976.016367737124,55902.981014343866,56001.664330324755,84.60559796437659
2025-12-26 23:00:00,56391,56535,56546,56320,178,56029.25290414311,55927.76607260489,56006.97115290859,81.6527672479151
2025-12-27 10:00:00,56544,56494,56719,56369,425,56073.51453231996,55949.9713246596,56011.81721108861,78.3969465648855
2025-12-27 11:00:00,56494,56596,56596,56419,54,56123.275053051395,55975.30578251609,56017.62997515738,79.52243125904485
2025-12-27 12:00:00,56581,56590,56650,56559,119,56167.72504799888,55999.41143810369,56023.32519928517,78.78120411160059
2025-12-27 13:00:00,56587,56640,56640,56553,68,56212.70361485613,56024.53255817806,56029.46126695398,83.80597014925374
2025-12-27 14:00:00,56639,56575,56639,56502,189,56247.20803248888,56046.11951668088,56034.88951305394,78.22393822393823
2025-12-27 15:00:00,56551,56573,56596,56528,22,56278.23583891851,56066.781496418895,56040.243846257385,73.4827264239029
2025-12-27 16:00:00,56577,56639,56640,56577,9,56312.594330450076,56089.221437735796,56046.201618931445,73.50746268656717
2025-12-27 17:00:00,56595,56556,56639,56532,25,56335.77582278816,56107.526479393215,56051.274239638595,56.51658767772511
2025-12-27 18:00:00,56600,56591,56600,56591,2,56360.08288728452,56126.48622529936,56056.64464521433,69.84993178717599
2025-12-28 10:00:00,56567,56336,56608,56336,138,56357.789278971715,56134.70245175821,56059.42430048583,50.82644628099173
2025-12-28 11:00:00,56336,56251,56387,56198,232,56347.6188714506,56139.26313992456,56061.330526351645,43.618090452261306
2025-12-28 12:00:00,56243,56442,56442,56240,35,56356.607550360066,56151.135173653005,56065.11828230834,53.786574870912226
2025-12-28 13:00:00,56439,56369,56440,56369,11,56357.78778365911,56159.678892333286,56068.141980991844,48.86839899413244
2025-12-28 14:00:00,56417,56477,56477,56417,25,56369.141328072525,56172.122857339826,56072.210219986955,47.50430292598968
2025-12-28 15:00:00,56481,56550,56551,56481,38,56386.36596349419,56186.9415688167,56076.96434715127,52.345058626465665
2025-12-28 16:00:00,56550,56525,56550,56525,9,56399.569205066175,56200.198762196436,56081.42241334877,46.821844225604295
2025-12-28 17:00:00,56544,56550,56551,56518,175,56413.89594744082,56213.91645779658,56086.08487689754,48.239436619718305
2025-12-28 18:00:00,56483,56640,56640,56483,227,56435.429666732176,56230.62561631436,56091.59647016225,50.0
2025-12-29 08:00:00,56752,56752,56752,56752,36,56465.57922228149,56251.071670576544,56098.16764956363,57.236304170073595
2025-12-29 09:00:00,56790,56833,56909,56503,1518,56500.5716773023,56273.89238937747,56105.47941424459,59.98463901689708
2025-12-29 10:00:00,56822,56830,56943,56719,992,56531.94580327351,56295.70053097051,56112.68857430186,57.70782889426957
2025-12-29 11:00:00,56840,57942,57948,56826,2550,56666.23667915222,56360.26129446186,56130.890678040145,80.55555555555556
2025-12-29 12:00:00,57918,57735,58039,57539,2104,56768.023662090105,56414.17261624767,56146.851964825815,73.44262295081967
2025-12-29 13:00:00,57751,57757,57798,57649,612,56862.21188474819,56466.83251364972,56162.87333831014,82.19302220208428
2025-12-29 14:00:00,57769,57803,57850,57740,385,56951.81075286741,56519.23123860464,56179.19300658567,85.79335793357933
2025-12-29 15:00:00,57830,57908,57976,57677,953,57042.876395451465,56573.69275865936,56196.39506622164,85.20653218059559
2025-12-29 16:00:00,57909,57476,57929,57282,1953,57084.12626255133,56609.077356359,56209.12745362242,72.67513314215485
2025-12-29 17:00:00,57460,57662,57753,57457,860,57139.16185659406,56650.36844042335,56223.58389686996,73.52123858674076
2025-12-29 18:00:00,57698,56217,57698,56100,5293,57051.336917870816,56633.373599622435,56223.51838545832,45.72089437162683
2025-12-29 19:00:00,56225,56433,57014,56225,1490,56992.44768759741,56625.51581140195,56225.60277963287,48.87310142087212
2025-12-29 20:00:00,56421,56570,56621,56400,204,56952.21457449289,56623.33872075874,56229.029617646476,50.23843586075346
2025-12-29 21:00:00,56576,56684,56689,56385,695,56926.670329303095,56625.71759445447,56233.55668612761,50.52157420578473
2025-12-29 22:00:00,56682,56588,56689,56579,184,56894.41601222661,56624.238473103316,56237.08348527062,48.048548310328414
2025-12-29 23:00:00,56609,56601,56745,56566,325,56866.47163010979,56623.3271604326,56240.70454511867,47.19400096758587
2025-12-30 09:00:00,56787,56651,56850,56575,784,56845.950522480285,56624.4123698274,56244.78708695829,47.85936378856732
2025-12-30 10:00:00,56645,56600,56691,56427,501,56822.52666319645,56623.45502199103,56248.32154380448,28.49358974358975
2025-12-30 11:00:00,56618,56575,56662,56487,344,56798.95269527297,56621.5548250502,56251.57207570692,30.258679373723623
2025-12-30 12:00:00,56582,56861,56946,56578,2580,56804.861962389834,56630.94483191098,56257.636035152624,36.00874453466583
2025-12-30 13:00:00,56818,56820,56849,56714,324,56806.30368025747,56638.358760071336,56263.23169649439,34.62621207381922
2025-12-30 14:00:00,56827,56913,56950,56827,321,56816.46523451866,56649.12900477442,56269.697052748175,34.37990580847723
2025-12-30 15:00:00,56919,57032,57032,56897,285,56836.9923550407,56664.1435536068,56277.28215670093,42.27019498607242
2025-12-30 16:00:00,57049,57123,57141,57020,671,56864.23117837016,56682.1379240536,56285.69725961933,40.29528267915016
2025-12-30 17:00:00,57127,57058,57354,57058,977,56882.685351858716,56696.877613306395,56293.38186400123,80.10021474588405
2025-12-30 18:00:00,57101,57000,57123,56955,414,56893.858175491216,56708.76476572575,56300.41289023007,72.88135593220339
2025-12-30 19:00:00,57045,57253,57253,57027,318,56928.062158777764,56730.107323932585,56309.89136893425,75.20295202952029
2025-12-30 20:00:00,57242,57230,57282,57126,248,56956.81814365607,56749.710958288175,56319.046678696104,71.59810126582278
2025-12-30 21:00:00,57220,57245,57264,57216,77,56984.26403473644,56769.13405796315,56328.260144579726,77.76838546069315
2025-12-30 22:00:00,57217,57173,57237,57118,118,57002.23888857107,56784.97193804303,56336.665516275454,73.02737520128825
2025-12-30 23:00:00,57168,57180,57180,57073,163,57019.16851823097,56800.46323459037,56345.056904173216,72.06005004170142
2026-01-05 08:00:00,57000,57000,57000,57000,23,57017.34294506611,56808.2882057829,56351.573750897864,65.06024096385542
2026-01-05 09:00:00,57001,56620,57057,56500,1222,56979.50075982173,56800.90435457573,56354.24465884913,51.33689839572192
2026-01-05 10:00:00,56621,56866,56966,56552,722,56968.69116364823,56803.457124984525,56359.33675179591,50.15216068167985
2026-01-05 11:00:00,56888,56860,56928,56725,852,56958.33962425316,56805.67449263219,56364.31847565864,51.243781094527364
2026-01-05 12:00:00,56918,56869,56936,56784,1327,56949.83108861,56808.157845862304,56369.340182368505,48.55643044619422
2026-01-05 13:00:00,56870,56800,56885,56793,770,56935.56146112333,56807.83793033829,56373.625354683245,42.13025780189958
2026-01-05 14:00:00,56835,56716,56863,56678,975,56914.650845778255,56804.23644287405,56377.03206757198,36.12815269256988
2026-01-05 15:00:00,56718,56750,56940,56573,664,56898.96981284699,56802.10952354566,56380.74319127773,39.27576601671309
2026-01-05 16:00:00,56769,56851,56902,56718,587,56894.40125924251,56804.0267971321,56385.42236350383,44.96281271129141
2026-01-05 17:00:00,56865,56901,57008,56835,907,56895.02971074323,56807.829667832804,56390.55248924011,36.206896551724135
2026-01-05 18:00:00,56913,57098,57120,56887,742,56914.36021448197,56819.20889654524,56397.59176795414,45.44827586206897
2026-01-05 19:00:00,56925,56941,57113,56856,355,56916.897336912254,56823.98501824935,56402.99881503917,40.45226130653266
2026-01-05 20:00:00,56885,56914,56939,56878,122,56916.62140006347,56827.51501753369,56408.083403944256,41.6289592760181
2026-01-05 21:00:00,56924,56958,57023,56920,94,56920.56221910504,56832.63207566963,56413.55521087019,42.99242424242424
2026-01-05 22:00:00,56943,56902,56970,56898,80,56918.79438871409,56835.35238642768,56418.41535802571,46.64383561643836
2026-01-05 23:00:00,56902,56979,56980,56788,96,56924.528256455604,56840.985626175614,56423.99331466228,65.514261019879
2026-01-06 09:00:00,56961,57315,57349,56943,908,56961.71604155507,56859.57442514912,56432.859052824846,68.00320769847634
2026-01-06 10:00:00,57292,57143,57352,57084,1281,56978.98118045458,56870.68915357465,56439.92513190122,60.01415428167021
2026-01-06 11:00:00,57133,57166,57175,57024,1278,56996.79249660177,56882.26997108153,56447.14975745444,60.406447091800985
2026-01-06 12:00:00,57161,57164,57299,57119,2282,57012.717020734926,56893.31820750971,56454.282595688725,63.38235294117647
2026-01-06 13:00:00,57148,57149,57218,56970,2117,57025.69635209351,56903.34494447011,56461.1952066769,66.76994577846631
2026-01-06 14:00:00,57111,57031,57126,56959,1853,57026.201461417935,56908.35102507912,56466.864906112954,60.21818181818182
2026-01-06 15:00:00,57012,57033,57085,56898,1621,57026.84894128289,56913.23922017406,56472.498091126756,57.13166144200627
2026-01-06 16:00:00,57020,56868,57113,56841,1039,57011.72047068452,56911.46513310841,56476.433433503604,48.81380301941049
2026-01-06 17:00:00,56881,56988,57047,56838,715,57009.46137823838,56914.46650043749,56481.52364809561,45.81430745814307
2026-01-06 18:00:00,56958,57033,57034,56954,229,57011.703151739486,56919.11487296936,56487.01097498023,53.82695507487521
2026-01-06 19:00:00,57021,57017,57049,56976,210,57012.20761347858,56922.953505401936,56492.28449761725,54.32409739714526
2026-01-06 20:00:00,57028,56977,57069,56976,155,57008.854507433,56925.072975778334,56497.10753744195,50.80033698399326
2026-01-06 21:00:00,56977,56960,57029,56950,238,57004.20169720129,56926.442663002716,56501.71343259179,52.52613240418118
2026-01-06 22:00:00,56958,56912,56958,56912,73,56995.420583182124,56925.876284061436,56505.795885998836,47.00625558534406
2026-01-06 23:00:00,56913,56925,56999,56912,115,56988.713860974305,56925.841919980594,56509.96707121278,25.502512562814076
2026-01-08 08:00:00,56800,56800,56800,56800,27,56970.74111231008,56920.906942726455,56512.8529710017,27.10280373831776
2026-01-08 09:00:00,56734,56590,56758,56556,1152,56934.480053994834,56907.93019987444,56513.62060313104,19.23076923076924
2026-01-08 10:00:00,56604,56809,56836,56555,790,56922.529572661995,56904.05058419309,56516.55970160735,34.60537727666956
2026-01-08 11:00:00,56808,56700,56808,56635,3373,56901.33628002752,56896.04860049925,56518.384978208276,31.996792301523655
2026-01-08 12:00:00,56701,56848,56924,56699,591,56896.256634310615,56894.16434165614,56521.6647296689,42.834768989819885
2026-01-08 13:00:00,56865,56690,56865,56674,389,56876.61314532865,56886.157896885314,56523.339707483145,38.032100488485696
2026-01-08 14:00:00,56689,56646,56800,56646,1551,56854.649988630685,56876.73994014471,56524.5602079062,41.53963414634146
2026-01-08 15:00:00,56670,56589,56671,56474,1980,56829.349989713475,56865.45602092335,56525.201399867336,34.02722177742194
2026-01-08 16:00:00,56589,56480,56666,56340,2066,56796.078562121715,56850.3400985342,56524.75163469453,28.94135567402894
2026-01-08 17:00:00,56480,56465,56524,56416,1724,56764.54727049107,56835.22872212109,56524.15709106573,28.963414634146346
2026-01-08 18:00:00,56465,56395,56525,56390,525,56729.35229234907,56817.96485066536,56522.871945881,28.315946348733235
2026-01-08 19:00:00,56431,56440,56440,56386,286,56701.79493117296,56803.14269965888,56522.04734940458,31.021897810218974
2026-01-08 20:00:00,56421,56455,56490,56405,249,56678.29065201363,56789.4900447703,56521.380211599564,32.90949887808527
2026-01-08 21:00:00,56455,56625,56628,56435,377,56673.21535182186,56783.039454779304,56522.41125427022,39.95983935742973
2026-01-08 22:00:00,56628,56549,56628,56485,906,56661.38531831501,56773.86143694482,56522.67581890435,41.31487889273357
2026-01-08 23:00:00,56554,56696,56700,56509,387,56664.68195466596,56770.80804726071,56524.40043762172,53.83502170767005
2026-01-09 08:00:00,56695,56695,56695,56695,1,56667.56938755492,56767.83518266225,56526.09794570509,45.103092783505154
2026-01-09 09:00:00,56683,56570,56923,56406,1164,56658.27706493064,56760.07694020491,56526.53478206624,44.49152542372881
2026-01-09 10:00:00,56534,56467,56566,56365,2321,56640.06020160392,56748.583726863544,56525.942396175036,33.21585903083701
2026-01-09 11:00:00,56450,56513,56513,56411,631,56627.95923002259,56739.34514933948,56525.8136161136,41.348973607038126
2026-01-09 12:00:00,56513,56475,56513,56419,530,56613.39168430615,56728.9786728948,56525.308007993066,41.5929203539823
2026-01-09 13:00:00,56477,56471,56519,56431,406,56599.830571515085,56718.86186219305,56524.76762980408,43.87966804979253
2026-01-09 14:00:00,56496,56536,56538,56485,415,56593.751469466035,56711.69080877372,56524.87939468165,53.04347826086957
2026-01-09 15:00:00,56537,56464,56550,56462,1517,56581.394186659745,56701.97744372377,56524.27362956045,49.94882292732855
2026-01-09 16:00:00,56466,56488,56500,56401,2179,56572.499502215964,56693.58617142088,56523.912697923035,54.994629430719655
2026-01-09 17:00:00,56489,56568,56573,56480,1124,56572.0709781954,56688.661223522024,56524.351377545696,56.625258799171846
2026-01-09 18:00:00,56568,56451,56573,56451,645,56560.54040884346,56679.341175540765,56523.62151309251,49.812734082397
2026-01-09 19:00:00,56496,56563,56577,56492,427,56560.77465562028,56674.77877649995,56524.01333883289,46.930693069306926
2026-01-09 20:00:00,56573,56511,56577,56511,329,56556.03421222787,56668.35607938231,56523.88385287436,48.073022312373226
2026-01-09 21:00:00,56506,56472,56543,56471,540,56548.030953920446,56660.65584097517,56523.367595631826,37.24373576309795
2026-01-09 22:00:00,56500,56699,56768,56471,1349,56562.40895830897,56662.15953348595,56525.11518174494,50.18115942028986
2026-01-09 23:00:00,56699,56960,57099,56684,2157,56600.274771803364,56673.83955178062,56529.44239386689,65.7258064516129
2026-01-12 08:00:00,56875,56875,56875,56875,11,56626.43907925066,56681.728196808835,56532.88077800752,66.69394435351882
2026-01-12 09:00:00,56871,56761,56875,56663,1734,56639.254405036314,56684.836894973196,56535.15062101242,59.61240310077519
2026-01-12 10:00:00,56746,56932,57233,56690,23907,56667.13493789,56694.52956575856,56539.0993710521,66.05762473647223
2026-01-12 11:00:00,56942,56700,56972,56665,12863,56670.26494380524,56694.74409259156,56540.700372335166,56.93519079345851
2026-01-12 12:00:00,56700,56712,56821,56684,4153,56674.239711061884,56695.420794842874,56542.40484624228,55.50688360450564
2026-01-12 13:00:00,56711,56534,56749,56452,3337,56660.88354810361,56689.09056759414,56542.32121593141,52.05399061032865
2026-01-12 14:00:00,56508,56372,56516,56370,2113,56633.37082923659,56676.65564337476,56540.62647746444,46.85124864277959
2026-01-12 15:00:00,56370,56289,56385,56240,4924,56600.573607404534,56661.453461281635,56538.12273142002,42.4390243902439
2026-01-12 16:00:00,56289,56000,56289,55722,5078,56543.376120985056,56635.51410985882,56532.76827638102,38.82002974714923
2026-01-12 17:00:00,56006,55502,56010,55502,2706,56444.19744279601,56591.06257613887,56522.511875621014,27.923429047024555
2026-01-12 18:00:00,55502,55473,55578,55340,2225,56351.702448244,56547.216984917744,56512.068971385976,28.193277310924373
2026-01-12 19:00:00,55471,55619,55720,55456,1335,56281.92126269695,56510.81631884254,56503.182712964226,32.8508242862887
2026-01-12 20:00:00,55629,55660,55685,55600,309,56222.690666249626,56477.45097300558,56494.79283522329,27.422859626249448
2026-01-12 21:00:00,55653,55702,55702,55652,167,56173.101078987755,56447.04113092693,56486.904349300676,19.788664745437075
2026-01-12 22:00:00,55702,55705,55762,55698,544,56128.52002384606,56417.94147873372,56479.12420652157,20.75
2026-01-12 23:00:00,55689,55651,55710,55651,298,56083.04192633691,56387.8653423128,56470.88416466564,21.39175257731958
2026-01-13 08:00:00,55648,55648,55648,55648,6,56041.609361923875,56358.85101516328,56462.696262529666,13.769751693002249
2026-01-13 09:00:00,55565,55345,55595,55238,3175,55975.26561316922,56319.09215182355,56451.5749066836,13.239283776451444
2026-01-13 10:00:00,55330,55413,55649,55251,3327,55921.716507153105,56283.55912626184,56441.24082801013,15.797788309636644
2026-01-13 11:00:00,55407,55431,55465,55253,1331,55874.98160170995,56250.12543503589,56431.18868046774,18.28637147786084
2026-01-13 12:00:00,55430,55750,55831,55430,1829,55863.07859202329,56230.51267287762,56424.41068364717,33.59704641350211
2026-01-13 13:00:00,55750,55950,56009,55653,1654,55871.356821354406,56219.51217590203,56419.690179332276,41.57973174366617
2026-01-13 14:00:00,55923,55711,55923,55711,662,55856.08474313018,56199.57052194509,56412.638535756836,42.63881813550688
2026-01-13 15:00:00,55717,55600,55717,55470,906,55831.69571997492,56176.05795245705,56404.552580177166,53.109137055837564
2026-01-13 16:00:00,55608,55721,55850,55593,1671,55821.153270453506,56158.21254255677,56397.75106196645,57.434052757793765
2026-01-13 17:00:00,55698,55697,55760,55569,823,55809.32914945793,56140.125776181994,56390.77841458371,52.52263906856404
2026-01-13 18:00:00,55717,55692,55759,55512,815,55798.15494474765,56122.55221633172,56383.82539553313,51.05960264900663
2026-01-13 19:00:00,55603,55595,55646,55555,108,55778.80685477168,56101.86389412263,56375.97638662236,46.5814696485623
2026-01-13 20:00:00,55580,55557,55624,55515,357,55757.68239241248,56080.49668258841,56367.82736785,45.37499999999999
2026-01-13 21:00:00,55517,55570,55584,55512,132,55739.80787884939,56060.47720483985,56359.888787075375,47.402180885182815
2026-01-13 22:00:00,55588,55644,55671,55588,141,55730.683318958974,56044.14476543437,56352.76551556219,49.877300613496935
2026-01-13 23:00:00,55640,55645,55645,55600,84,55722.523002867645,56028.49202953499,56345.72307262127,61.295180722891565
2026-01-14 09:00:00,55644,55472,55644,55434,417,55698.6636692612,56006.66881269048,56337.029310704645,52.0586182833217
2026-01-14 10:00:00,55457,55329,55457,55155,2063,55663.45760552204,55980.09356513399,56326.99916830957,46.72657252888318
2026-01-14 11:00:00,55313,55627,55969,55239,2391,55659.98545261518,55966.24675865815,56320.03400245575,45.99869876382564
2026-01-14 12:00:00,55640,55602,55848,55594,943,55654.463028556595,55951.9625720441,56312.8893855159,37.224669603524234
2026-01-14 13:00:00,55599,55664,55698,55513,599,55655.37131155121,55940.66992216002,56306.43277471475,48.016877637130804
2026-01-14 14:00:00,55666,55699,55817,55641,882,55659.5264247368,55931.192670310615,56300.38866750366,54.46348061316502
2026-01-14 15:00:00,55699,55577,55747,55538,769,55651.66676523806,55917.30276167099,56293.19077031458,43.513513513513516
2026-01-14 16:00:00,55556,55613,55666,55386,572,55647.984216167766,55905.369320036836,56286.422702948264,46.25668449197861
2026-01-14 17:00:00,55645,55518,55790,55518,717,55635.60476700893,55890.178366309905,56278.776705904005,42.821782178217816
2026-01-14 18:00:00,55562,55595,55665,55561,577,55631.73764634141,55878.60274410167,56271.97295758656,50.0
2026-01-14 19:00:00,55574,55494,55580,55470,391,55618.61977526127,55863.52028354867,56264.23193313296,47.49003984063744
2026-01-14 20:00:00,55495,55611,55634,55473,205,55617.89408237925,55853.61752733107,56257.732112902784,51.5084621044886
2026-01-14 21:00:00,55611,55632,55632,55452,134,55619.23750310503,55844.92664390633,56251.505922724646,49.5405819295559
2026-01-14 22:00:00,55617,55746,55752,55460,475,55631.310121856935,55841.04716767471,56246.476013045794,53.558844256518675
2026-01-14 23:00:00,55748,55454,55858,55450,591,55614.42344358485,55825.86884737374,56238.59067958266,49.4148244473342
2026-01-15 09:00:00,55506,55589,55669,55506,339,55612.00216324343,55816.57987296693,56232.12709073109,58.496732026143796
2026-01-15 10:00:00,55572,55415,55588,55381,528,55593.24005245834,55800.831642654506,56223.99647291288,42.460881934566146
2026-01-15 11:00:00,55415,55312,55514,55300,666,55566.45528555755,55781.661774315115,56214.9218811426,40.22911051212938
2026-01-15 12:00:00,55313,55354,55474,55271,538,55546.22144883779,55764.890724341974,56206.35549426556,39.41256830601093
2026-01-15 13:00:00,55369,55591,55747,55369,2195,55550.486072758,55758.07148025013,56200.232554024115,46.75870348139256
2026-01-15 14:00:00,55594,55600,55710,55594,427,55555.20168487629,55751.872598671696,56194.260090799995,50.74050225370251
2026-01-15 15:00:00,55620,55554,55647,55531,154,55555.0872386976,55744.112888919866,56187.88934362786,48.112603966730646
2026-01-15 16:00:00,55550,55649,55692,55481,254,55564.03131120259,55740.382971707324,56182.52726060669,54.19065898912348
2026-01-15 17:00:00,55649,55573,55708,55500,383,55564.885472040434,55733.81893360116,56176.46231273996,49.29577464788733
2026-01-15 18:00:00,55574,55490,55601,55420,2069,55557.753522322295,55724.25740679327,56169.63184196643,49.870466321243526
2026-01-15 19:00:00,55504,55530,55700,55440,344,55555.11032972017,55716.63946927197,56163.26734602646,47.239263803680984
2026-01-15 20:00:00,55543,55537,55572,55537,79,55553.38553641349,55709.594784202476,56157.0358301456,46.730901582931864
2026-01-15 21:00:00,55539,55539,55548,55502,41,55552.01548532649,55702.904792665126,56150.8862198954,42.281879194630875
2026-01-15 22:00:00,55554,55594,55696,55554,156,55556.01401053349,55698.63401648218,56145.34506347853,56.34057971014492
2026-01-15 23:00:00,55595,55543,55655,55543,153,55554.774580958874,55692.530721718176,56139.35158025984,47.745098039215684
2026-01-16 09:00:00,55562,55580,55705,55530,364,55557.17700181994,55688.11775223903,56133.78589289407,59.343148357870895
2026-01-16 10:00:00,55599,55598,55682,55452,1149,55561.064906408516,55684.58372273946,56128.454689979706,67.91979949874687
2026-01-16 11:00:00,55599,55699,55746,55574,783,55574.20158198866,55685.149066945756,56124.18150898488,70.12835472578763
2026-01-16 12:00:00,55673,55666,55719,55649,316,55582.94428846593,55684.39812314396,56119.62248899499,55.7427258805513
2026-01-16 13:00:00,55666,55654,55740,55559,586,55589.711499088226,55683.206039883415,56114.989429403,54.11585365853659
2026-01-16 14:00:00,55648,55694,55739,55636,290,55599.6437372703,55683.629332437005,56110.800479856705,60.76923076923077
2026-01-16 15:00:00,55719,55658,55724,55637,246,55605.20147657789,55682.62426057673,56106.2950024452,50.76142131979695
2026-01-16 16:00:00,55652,55862,55885,55574,1131,55629.65847880856,55689.65860329921,56103.86420640098,70.09735744089012
2026-01-16 17:00:00,55875,56008,56165,55863,2708,55665.69100463631,55702.14257964042,56102.91033370047,83.12020460358056
2026-01-16 18:00:00,56018,56050,56084,55968,600,55702.29186133762,55715.7840471055,56102.38386271838,83.16326530612244
2026-01-16 19:00:00,56025,56037,56085,56018,373,55734.16882692451,55728.38075114058,56101.733277019695,81.64556962025316
2026-01-16 20:00:00,56026,56020,56065,55997,114,55761.39084340789,55739.81680011547,56100.920010581685,79.87577639751552
2026-01-16 21:00:00,56009,56067,56133,56009,234,55790.496477369044,55752.64751383643,56100.58249803859,79.67377666248431
2026-01-16 22:00:00,56032,56085,56165,56032,131,55818.54443190533,55765.680944666376,56100.427448306866,85.47120418848168
2026-01-16 23:00:00,56102,56120,56120,55830,536,55847.25448600958,55779.57580958142,56100.62220006501,85.43307086614173
2026-01-17 10:00:00,56170,56195,56200,56126,47,55880.37310638962,55795.86695430372,56101.56128265143,86.44688644688645
2026-01-17 11:00:00,56193,56111,56193,55924,64,55902.33757244775,55808.22511295848,56101.65520023699,75.6857855361596
2026-01-17 12:00:00,56120,56120,56120,56120,1,55923.06732745272,55820.45157911697,56101.837735558016,79.17737789203085
2026-01-17 13:00:00,56132,56110,56181,56110,26,55940.87043912389,55831.8064191516,56101.91895211963,79.38144329896907
2026-01-17 14:00:00,56081,56054,56147,56054,24,55951.64468301686,55840.519892910364,56101.44214662591,72.72727272727273
2026-01-17 15:00:00,56054,56065,56065,56005,20,55962.44042749144,55849.32303436486,56101.07953820177,76.53194263363756
2026-01-17 16:00:00,56006,56026,56097,56006,12,55968.493720111306,55856.25154282114,56100.33247812016,63.62126245847176
2026-01-17 18:00:00,56076,56001,56077,56001,7,55971.58955629118,55861.92795290659,56099.34409525329,49.27234927234927
2026-01-18 10:00:00,56078,56079,56079,56078,3,55981.81912235869,55870.44058220438,56099.141666444804,52.804642166344294
2026-01-18 11:00:00,56110,56091,56110,56090,6,55992.21730118167,55879.089971137546,56099.06065483839,55.23255813953489
2026-01-18 12:00:00,56104,56077,56104,56077,8,56000.29184392627,55886.851148739996,56098.841145835024,55.55555555555556
2026-01-18 13:00:00,56077,56079,56079,56072,38,56007.78785879044,55894.38639780902,56098.64372149836,51.28205128205128
2026-01-18 14:00:00,56092,56087,56093,56087,4,56015.33187223897,55901.93987240475,56098.52786357301,50.21834061135372
2026-01-18 15:00:00,56077,56091,56141,56077,9,56022.53836059716,55909.35399505555,56098.452959457856,46.604215456674474
2026-01-18 16:00:00,56087,56180,56264,55879,138,56037.534707206956,55919.9675638769,56099.264372796584,48.29931972789115
2026-01-18 17:00:00,56165,56225,56225,56115,58,56055.388544615824,55931.92962019545,56100.51547356478,64.17910447761193
2026-01-18 18:00:00,56199,56021,56199,56021,100,56052.113445128605,55935.42257626622,56099.724274822845,41.70854271356784
2026-01-19 09:00:00,56115,55888,56207,55835,1014,56036.4835932116,55933.56286739303,56097.617565620625,34.58333333333333
2026-01-19 10:00:00,55860,55870,56051,55651,1634,56020.628012905734,55931.07020592664,56095.352714221415,36.510263929618766
2026-01-19 11:00:00,55883,55961,56121,55852,806,56014.94915453376,55932.24392334129,56094.01587129384,43.175853018372706
2026-01-19 12:00:00,55958,55960,56012,55888,283,56009.71590172102,55933.332396935744,56092.68238003719,45.44198895027624
2026-01-19 13:00:00,55953,55941,56024,55883,484,56003.171530128544,55933.63308725199,56091.17310262389,45.82172701949861
2026-01-19 14:00:00,55995,55886,56025,55881,184,55992.012336782966,55931.765123046025,56089.13157921471,36.11510791366906
2026-01-19 15:00:00,55886,55850,55912,55690,832,55978.487352327444,55928.55864763245,56086.75216051605,33.24061196105703
2026-01-19 16:00:00,55850,55769,55896,55550,1163,55958.53617591531,55922.30144576452,56083.59044747609,30.407124681933837
2026-01-19 17:00:00,55788,55853,55993,55774,504,55948.485111542424,55919.58374200905,56081.2960151629,36.9815668202765
2026-01-19 18:00:00,55860,55690,55886,55653,533,55923.86748187172,55910.5804580087,56077.40252247472,30.59628543499511
2026-01-19 19:00:00,55711,55744,55754,55658,148,55906.73724550298,55904.04789102796,56074.08508444014,33.83038210624417
2026-01-19 20:00:00,55717,55742,55776,55691,101,55891.0479840265,55897.693071771966,56070.780755241736,27.789046653144027
2026-01-19 21:00:00,55736,55740,55763,55720,54,55876.66246173826,55891.50902974169,56067.48940444332,24.284199363732768
2026-01-19 22:00:00,55745,55661,55745,55660,237,55856.12317966795,55882.4694599479,56063.444733752345,27.995110024449872
2026-01-19 23:00:00,55670,55600,55710,55588,337,55831.73049589005,55871.39222622445,56058.83334336675,30.697050938337796
2026-01-20 08:00:00,55593,55593,55593,55593,6,55808.994258186234,55860.474884019575,56054.19818572131,31.15646258503402
2026-01-20 09:00:00,55745,55630,55760,55625,372,55791.94718597802,55851.43665327371,56049.977308251444,25.697503671071956
2026-01-20 10:00:00,55626,55401,55652,55307,1559,55754.71412064678,55833.77247079239,56043.519822597205,19.251925192519252
2026-01-20 11:00:00,55400,55167,55423,55045,2229,55698.741347251846,55807.62453076132,56034.79823232261,15.569395017793596
2026-01-20 12:00:00,55155,55200,55269,55103,908,55651.242171323094,55783.79611779029,56026.49178224975,18.874773139745912
2026-01-20 13:00:00,55192,55177,55213,55105,500,55606.0762502447,55760.00019160244,56018.03912770001,19.10009182736455
2026-01-20 14:00:00,55103,55070,55161,54854,1009,55555.021369269016,55732.941360559205,56008.60590254877,18.65470852017937
2026-01-20 15:00:00,55065,55059,55073,54792,1564,55507.78123886244,55706.5122875961,55999.15708759803,11.900191938579653
2026-01-20 16:00:00,55069,55026,55205,54965,730,55461.89731135173,55679.82553121979,55989.47393249756,13.596491228070164
2026-01-20 17:00:00,54972,55037,55182,54916,716,55421.4309007468,55654.61668685823,55979.996579935396,9.32105868814729
2026-01-20 18:00:00,55056,55102,55102,55000,402,55391.00891019949,55632.94544423634,55971.260295557935,15.665236051502148
2026-01-20 19:00:00,55056,54977,55072,54936,235,55351.57949018049,55607.22209348198,55961.367158288704,13.838862559241718
2026-01-20 20:00:00,54952,55042,55074,54939,156,55322.095729210916,55585.05652118857,55952.219226365436,20.26897214217098
2026-01-20 21:00:00,55041,55089,55145,55041,84,55299.89613595273,55565.60332427921,55943.629980331956,25.121713729308652
2026-01-20 22:00:00,55070,55100,55147,55070,232,55280.858408719134,55547.34437038591,55935.23565216945,26.091173617846763
2026-01-20 23:00:00,55112,54965,55112,54963,197,55250.77665550778,55524.50733625313,55925.58156607822,20.54915854738708
2026-01-21 08:00:00,54965,54965,54965,54965,1,55223.55983117371,55502.56587208635,55916.0235405451,25.777777777777786
2026-01-21 09:00:00,54942,54952,55064,54884,564,55197.69699010955,55480.97505357316,55906.431266509826,34.1678939617084
2026-01-21 10:00:00,54953,54697,54953,54671,993,55150.01156248007,55450.23093382519,55894.3971245545,22.086570477247506
2026-01-21 11:00:00,54680,54711,54739,54499,881,55108.20093748197,55421.24148543989,55882.622028787795,23.878923766816143
2026-01-21 12:00:00,54711,54740,54975,54638,928,55073.134181531306,55394.526133069696,55871.252655367025,29.729729729729726
2026-01-21 13:00:00,54729,55126,55370,54705,2899,55078.16902138547,55383.995696478734,55863.83720605989,52.817493692178296
2026-01-21 14:00:00,55172,55290,55500,55136,2355,55098.343400301135,55380.30959073447,55858.12738311403,60.0
2026-01-21 15:00:00,55295,55378,55454,55294,921,55124.97736217722,55380.21901854881,55853.349996217374,62.204724409448815
2026-01-21 16:00:00,55367,55189,55368,55152,371,55131.07475625558,55372.72023350768,55846.739548493824,52.85996055226825
2026-01-21 17:00:00,55207,55248,55390,55197,342,55142.21049375505,55367.82924395836,55840.78194104612,59.3127147766323
2026-01-21 18:00:00,55239,55350,55387,55160,671,55161.99997054028,55367.13005792078,55835.898538647656,60.32171581769437
2026-01-21 19:00:00,55350,55257,55350,55198,196,55171.04759239359,55362.811232119966,55830.1383541835,55.46163849154747
2026-01-21 20:00:00,55256,55246,55266,55166,95,55178.185916927534,55358.23039948781,55824.32603225133,54.746423927178164
2026-01-21 21:00:00,55291,55293,55330,55281,56,55189.12059150587,55355.67234460593,55819.03920605977,61.31034482758621
2026-01-21 22:00:00,55293,55515,55515,55239,480,55220.156725648165,55361.920487954725,55816.01394032784,66.44736842105263
2026-01-21 23:00:00,55515,55482,55515,55413,276,55245.09418034834,55366.62948842709,55812.69041853353,65.66193853427896
2026-01-22 08:00:00,55483,55483,55483,55483,1,55267.75187745802,55371.19303790054,55809.40991685658,77.32962447844228
2026-01-22 09:00:00,55482,55423,55499,55303,872,55282.53741293821,55373.22468347307,55805.565042061986,73.98921832884096
2026-01-22 10:00:00,55450,55384,55600,55201,1456,55292.2005164679,55373.6472449055,55801.370365026545,71.55287817938421
2026-01-22 11:00:00,55390,55365,55508,55365,411,55299.13380061382,55373.30813726215,55797.02837134469,60.603371783496
2026-01-22 12:00:00,55393,55408,55478,55138,976,55309.502010079166,55374.668602467566,55793.15744227659,55.86481113320079
2026-01-22 13:00:00,55437,55443,55452,55338,323,55322.21610435734,55377.3482651159,55789.6732886221,53.4102833158447
2026-01-22 14:00:00,55392,55467,55668,55373,834,55336.0050467995,55380.864019425084,55786.46260913332,67.63959390862944
2026-01-22 15:00:00,55474,55520,55599,55470,460,55353.52837567574,55386.32033238881,55783.811239888215,67.3913043478261
2026-01-22 16:00:00,55541,55217,55581,55036,1725,55340.525673230426,55379.68031935395,55778.171327053504,43.23499491353001
2026-01-22 17:00:00,55206,55187,55260,54701,2965,55325.90418054182,55372.1242283989,55772.28902529178,46.19565217391304
2026-01-22 18:00:00,55192,54948,55205,54912,650,55289.9133062045,55355.49190571659,55764.0871444431,37.020905923344955
2026-01-22 19:00:00,54989,54899,55032,54835,646,55252.683467518356,55337.59026235516,55755.47931216009,32.8695652173913
2026-01-22 20:00:00,54898,55008,55027,54796,698,55229.38028013566,55324.66515402751,55748.04170706397,25.554484088717444
2026-01-22 21:00:00,55012,55118,55256,54952,443,55218.77263440846,55316.5606381833,55741.77263535189,33.662477558348286
2026-01-22 22:00:00,55114,55105,55118,55042,130,55207.93714541718,55308.26414256827,55735.436589228986,33.214920071047956
2026-01-22 23:00:00,55111,55074,55129,55074,224,55195.18122680602,55299.07731344794,55728.855130629694,34.092980856882406
2026-01-23 09:00:00,55073,54827,55074,54690,770,55160.116348062584,55280.56447762645,55719.881447737855,28.65900383141762
2026-01-23 10:00:00,54823,54899,54914,54747,444,55135.248124437574,55265.60116477836,55711.7134731335,32.84241531664213
2026-01-23 11:00:00,54872,55012,55223,54872,1529,55123.51020782447,55255.656021061564,55704.75115001775,36.13445378151261
2026-01-23 12:00:00,54981,54864,55009,54779,612,55098.79494993642,55240.296961412096,55696.385466932996,31.21349772874757
2026-01-23 13:00:00,54873,54940,54949,54845,430,55083.671621371046,55228.52060998417,55688.85924338143,33.458882611425
2026-01-23 14:00:00,54920,54876,54936,54828,392,55063.893371716666,55214.69627233773,55680.771091705996,29.925187032418947
2026-01-23 15:00:00,54859,55028,55028,54806,689,55060.474955362704,55207.374849893116,55674.27585696265,43.49621472814866
2026-01-23 16:00:00,55006,54866,55030,54830,251,55041.95353104245,55193.9876008777,55666.23331112223,39.873817034700316
2026-01-23 17:00:00,54872,54891,54955,54868,809,55027.5770042765,55182.10573417661,55658.51954683246,47.92122538293217
2026-01-23 18:00:00,54895,54954,54954,54895,148,55020.56967053588,55173.16041126773,55651.50940208786,51.985559566787
2026-01-23 19:00:00,54935,54939,54981,54921,104,55012.80113048485,55163.97765004155,55644.41975629594,47.327652982184354
2026-01-23 20:00:00,54939,55162,55347,54874,945,55027.01054662915,55163.90009513796,55639.61955971588,51.56695156695156
2026-01-23 21:00:00,55176,55174,55248,55118,293,55041.00954218828,55164.29616983843,55634.98652927095,52.459016393442624
2026-01-23 22:00:00,55160,55159,55252,55099,327,55052.24672864653,55164.08847690359,55630.250344900094,53.06416726748378
2026-01-23 23:00:00,55179,55170,55248,55170,103,55063.461325918295,55164.32030133875,55625.670739478206,64.90008688097308
2026-01-24 10:00:00,55170,55228,55268,55090,143,55079.13167583084,55166.8175444235,55621.71381669733,64.4678979771328
2026-01-24 11:00:00,55196,55227,55243,55156,47,55093.214373370756,55169.17764072062,55617.78631603368,60.487804878048784
2026-01-24 12:00:00,55172,54937,55172,54855,176,55078.33681400211,55160.07263520217,55611.01232283932,53.12767780634104
2026-01-24 13:00:00,54966,54952,54966,54600,596,55066.3047364781,55151.912924017764,55604.454986293655,50.54249547920435
2026-01-24 14:00:00,54875,54851,54894,54644,47,55045.799523480186,55140.112417193544,55596.95792175342,48.90638670166229
2026-01-24 15:00:00,54850,55004,55105,54760,414,55041.81861648207,55134.77467534282,55591.05784293,48.951048951048946
2026-01-24 16:00:00,55005,54978,55080,54874,64,55035.74065300759,55128.62664885879,55584.957764890896,55.55555555555556
2026-01-24 17:00:00,54960,54990,55018,54960,39,55031.3844003402,55123.19030968786,55579.03778713079,54.97487437185929
2026-01-24 18:00:00,54998,54942,55005,54942,16,55022.87160030779,55116.084807347164,55572.69910268173,49.38775510204081
2026-01-25 10:00:00,54944,55143,55170,54944,102,55034.312400278475,55117.140305098255,55568.423489719724,58.747855917667245
2026-01-25 11:00:00,55002,54978,55140,54978,23,55028.94931453767,55111.68382254538,55562.5486291255,41.69675090252707
2026-01-25 12:00:00,55059,55234,55234,55059,117,55048.47795124837,55116.48053538674,55559.27948853719,52.218934911242606
2026-01-25 13:00:00,55234,55060,55246,55060,55,55049.57528922472,55114.2656124304,55554.31153342737,46.72402382528127
2026-01-25 14:00:00,55086,55145,55175,55085,15,55058.663356917605,55115.47088253117,55550.23878185098,49.21135646687697
2026-01-25 15:00:00,55145,55176,55176,55145,15,55069.83827530641,55117.844573412294,55546.515012877346,48.33119383825417
2026-01-25 16:00:00,55177,55107,55177,55107,14,55073.37748718199,55117.41929602358,55542.141729167124,46.309963099631
2026-01-25 17:00:00,55177,55193,55193,55177,14,55084.77010745037,55120.38324519913,55538.66768211074,59.001406469760894
2026-01-25 18:00:00,55180,55108,55180,55108,11,55086.98247816938,55119.89762774034,55534.38243154248,55.22788203753352
2026-01-26 08:00:00,55050,55050,55050,55050,17,55083.46033739135,55117.15654429954,55529.5627058555,56.86680469289164
2026-01-26 09:00:00,55000,54564,55000,54444,2171,55033.98792430646,55095.4641307976,55519.95511674251,37.65432098765432
2026-01-26 10:00:00,54571,54550,54700,54469,616,54987.89383627727,55074.07338057024,55510.303822048554,37.909604519774014
2026-01-26 11:00:00,54546,54420,54576,54420,495,54933.80870901277,55048.42344407729,55499.45502779932,34.90466101694915
2026-01-26 12:00:00,54415,54409,54529,54390,448,54883.82692720203,55023.34801489779,55488.60472901525,35.60237709346299
2026-01-26 13:00:00,54409,54476,54503,54409,362,54844.98626746851,55001.88338686259,55478.52906006983,30.57658707047176
2026-01-26 14:00:00,54464,54126,54471,54052,843,54776.51138485246,54967.535018750335,55465.071059472124,27.602523659305987
2026-01-26 15:00:00,54118,54208,54220,54097,496,54722.36744343794,54937.749331740524,55452.562889726134,20.3125
2026-01-26 16:00:00,54207,54165,54317,54059,705,54669.284829777185,54907.445436378155,55439.75131868409,21.97871008140264
2026-01-26 17:00:00,54164,54250,54250,54089,568,54629.35294122698,54881.66326240254,55427.912997105144,21.97871008140264
2026-01-26 18:00:00,54248,53882,54249,53794,1226,54558.17647063393,54842.46078152401,55412.53077822848,16.546018614270935
2026-01-26 19:00:00,53900,53931,54016,53864,361,54498.4453781926,54806.71722146424,55397.78917844511,19.27899686520375
2026-01-26 20:00:00,53953,54041,54163,53953,592,54454.87915169807,54776.68909513231,55384.28878860984,20.27863777089783
2026-01-26 21:00:00,54040,54059,54076,54000,235,54417.17637534587,54748.544424734966,55371.101835489346,21.96686264029931
2026-01-26 22:00:00,54049,54048,54100,53997,177,54382.01672055103,54721.07209435321,55357.936643096415,22.532894736842096
2026-01-26 23:00:00,54051,54055,54143,54019,131,54350.87227097474,54694.95162006485,55344.97209938402,31.07806691449815
2026-01-27 08:00:00,53985,53985,53985,53985,5,54316.02729278667,54667.11038006231,55331.440038693625,29.83583154889365
2026-01-27 09:00:00,54108,53975,54130,53760,818,54283.54850299746,54639.968796530455,55317.94312288573,32.630757220921154
2026-01-27 10:00:00,53997,53651,54023,53651,1087,54223.305788426274,54601.18570647044,55301.356624150554,26.22333751568381
2026-01-27 11:00:00,53651,53488,53651,53427,2513,54153.27666571901,54557.531365040224,55283.313274656524,20.769230769230774
2026-01-27 12:00:00,53513,53488,53562,53471,727,54089.91698326958,54515.588958568056,55265.44946097836,26.19402985074626
2026-01-27 13:00:00,53499,53569,53592,53493,971,54040.30584200581,54478.46782293794,55248.56936683928,26.138909634055267
2026-01-27 14:00:00,53562,53799,53915,53540,3293,54017.32433324335,54451.822025959984,55234.145791049836,38.00786369593709
2026-01-27 15:00:00,53801,53725,53834,53708,555,53989.4839205535,54423.31920141254,55219.129415019495,32.67326732673267
2026-01-27 16:00:00,53709,53838,53845,53674,431,53975.056880500786,54400.3655072395,55205.38683377553,48.25396825396825
2026-01-27 17:00:00,53838,53907,54015,53805,1847,53968.575272834045,54381.01784028893,55192.46756179767,49.0625
2026-01-27 18:00:00,53898,53796,53919,53689,1175,53952.139532564135,54358.07596419917,55178.57236217779,40.43715846994535
2026-01-27 19:00:00,53807,53944,53958,53807,265,53951.3643389866,54341.837691093315,55166.28806006657,45.92487597448618
2026-01-27 20:00:00,53943,53994,54000,53871,301,53955.424878130725,54328.19699732495,55154.62350225496,48.137931034482754
2026-01-27 21:00:00,53976,54104,54133,53940,287,53969.57488973733,54319.40495821417,55144.16953705839,51.57759175788796
2026-01-27 22:00:00,54104,54192,54252,54103,727,53990.75823357187,54314.40868534303,55134.695213306564,56.58816040738383
2026-01-27 23:00:00,54167,54092,54187,54070,225,54000.400306565025,54305.68677611389,55124.320136557246,53.521974714027685
2026-01-28 08:00:00,54111,54111,54111,54111,1,54010.93361070169,54298.05200058001,55114.237349128816,66.96165191740414
2026-01-28 09:00:00,54111,54197,54198,53999,866,54028.65421920629,54294.08917702786,55105.110609336494,77.71696637998436
2026-01-28 10:00:00,54200,53865,54200,53792,1097,54013.068103091406,54277.26215047775,55092.77120028837,61.7008069522036
2026-01-28 11:00:00,53865,53732,53883,53647,1082,53986.2997123208,54255.87932104725,55079.231188345206,54.900781719783524
2026-01-28 12:00:00,53720,53605,53733,53500,1769,53949.98545400453,54230.354641790494,55064.562221297,43.78205128205128
2026-01-28 13:00:00,53606,53623,53761,53600,885,53918.84398219457,54206.53681270067,55050.21831859753,46.609042553191486
2026-01-28 14:00:00,53610,53591,53667,53566,1201,53887.62074579509,54182.39811416339,55035.69873333786,41.321152494729446
2026-01-28 15:00:00,53574,53527,53635,53477,1232,53853.27591286223,54156.69622733346,55020.68680564295,36.60084626234133
2026-01-28 16:00:00,53525,53525,53629,53413,1184,53822.01154020868,54131.92382626156,55005.804349865415,39.64858670741023
2026-01-28 17:00:00,53522,53634,53669,53490,695,53804.105679236425,54112.397401702285,54992.154555339395,37.79527559055118
2026-01-28 18:00:00,53635,53567,53685,53484,698,53781.52418597581,54091.009268302194,54977.97391299771,33.411033411033415
2026-01-28 19:00:00,53574,53530,53678,53475,547,53757.56950159716,54069.008904839364,54963.56621237087,26.35914332784185
2026-01-28 20:00:00,53510,53586,53623,53501,284,53741.2295490641,54050.06737915939,54949.859085879616,24.365482233502533
2026-01-28 21:00:00,53597,53527,53604,53523,188,53720.82673486752,54029.55493291785,54935.70128403007,25.2410166520596
2026-01-28 22:00:00,53562,53531,53564,53508,117,53702.74799821347,54010.00375907793,54921.724156825796,24.24511545293072
2026-01-28 23:00:00,53531,53500,53573,53476,243,53683.43866505028,53990.00361166311,54907.57764780266,17.460317460317455
2026-01-29 08:00:00,53780,53531,53780,53531,7,53668.92069695025,53972.00347002926,54893.880357774775,28.311688311688314
2026-01-29 09:00:00,53531,54942,55275,53531,10532,53790.16634485975,54010.04254963596,54894.35916018498,79.541015625
2026-01-29 10:00:00,54932,54607,55026,54451,6146,53867.96002630168,54033.45264572866,54891.49986505876,72.20744680851064
2026-01-29 11:00:00,54605,54718,54799,54546,1405,53948.91621427294,54060.297640013814,54889.773498242255,73.30779054916985
2026-01-29 12:00:00,54727,54913,54942,54612,1306,54040.73371767552,54093.73694824857,54890.004607712486,76.31369426751593
2026-01-29 13:00:00,54914,55243,55450,54913,3080,54155.235268373086,54138.80608753294,54893.51699967555,80.88552915766738
2026-01-29 14:00:00,55240,55188,55345,55163,1617,54253.59381424232,54179.950946845376,54896.44717878326,79.37124690921935
2026-01-29 15:00:00,55183,55080,55330,55069,2161,54332.29916526686,54215.24698814556,54898.273575014275,75.54770318021201
2026-01-29 16:00:00,55079,55188,55201,54896,1993,54413.79448286049,54253.39416508103,54901.15642501414,78.23058167885753
2026-01-29 17:00:00,55189,55287,55640,55102,3005,54496.956913064256,54293.92772723472,54904.99566456624,79.95226730310263
2026-01-29 18:00:00,55294,54693,55310,54360,4706,54515.62768324862,54309.57762028433,54902.88625496857,65.94641313742437
2026-01-29 19:00:00,54700,54794,54827,54609,947,54542.13933246303,54328.57457635162,54901.80280964551,68.03302021064617
2026-01-29 20:00:00,54810,54719,55093,54671,979,54558.983205561795,54343.88537727901,54899.9838762162,66.57366071428571
2026-01-29 21:00:00,54751,54715,54857,54703,310,54573.84194788925,54358.43889189552,54898.143240631965,67.07899915659263
2026-01-29 22:00:00,54721,54930,54930,54690,516,54607.76176237599,54380.85305299766,54898.46022331225,68.69820903501737
2026-01-29 23:00:00,54907,54919,54980,54700,615,54637.40349929256,54401.95685484089,54898.66459919969,49.508756941478005
2026-01-30 09:00:00,54762,54820,54969,54583,1350,54654.793642217075,54418.350703670665,54897.88186686935,55.05938242280285
2026-01-30 10:00:00,54841,55074,55088,54560,1459,54694.71805724402,54444.062440781614,54899.63428610448,57.918149466192176
2026-01-30 11:00:00,55071,54362,55071,54362,2741,54663.03062322078,54440.844305849,54894.28469121787,40.036166365280295
2026-01-30 12:00:00,54362,54406,54553,54257,1788,54638.551516247375,54439.477862482374,54889.4261370764,33.11819281968536
2026-01-30 13:00:00,54419,54487,54684,54391,1746,54624.11803850953,54441.341475718364,54885.42189690648,36.007984031936125
2026-01-30 14:00:00,54480,54417,54493,54350,642,54604.39251103243,54440.38690804313,54880.76098250941,36.562626672071346
2026-01-30 15:00:00,54430,54329,54493,54252,575,54578.16465283886,54436.01879400223,54875.27082347947,32.447895382100526
2026-01-30 16:00:00,54317,54466,54466,54316,295,54567.482304949444,54437.19452757077,54871.19847697719,33.48088531187123
2026-01-30 17:00:00,54467,54455,54524,54393,1385,54556.769704478065,54437.89278139153,54867.05719859931,43.743427970557306
2026-01-30 18:00:00,54473,54065,54473,53906,2171,54509.93449452777,54423.26953506245,54859.07652995653,33.363760839799184
2026-01-30 19:00:00,54083,54089,54106,53992,742,54469.84549504894,54410.16092584431,54851.41407692214,35.280373831775705
2026-01-30 20:00:00,54107,54085,54249,54041,592,54433.19354313952,54397.409516987675,54843.7880662065,35.280373831775705
2026-01-30 21:00:00,54085,54049,54330,53942,672,54396.60368188813,54383.74639867443,54835.87972723927,27.53697093319734
2026-01-30 22:00:00,54046,54143,54146,53943,242,54372.45095027974,54374.3053634323,54828.9854015951,31.01761252446184
2026-01-30 23:00:00,54150,54113,54214,54033,278,54347.74133596738,54364.058094278094,54821.86116874341,32.10126582278481
2026-01-31 10:00:00,54196,54253,54326,54188,122,54338.71835158954,54359.70287489464,54816.200858606666,27.941966684578176
2026-01-31 11:00:00,54220,54158,54255,54140,78,54321.507080009585,54351.79295823211,54809.651596331976,41.80064308681673
2026-01-31 12:00:00,54157,54148,54195,54055,49,54304.98259619915,54343.80107751712,54803.06799835852,39.33884297520661
2026-01-31 13:00:00,54152,54168,54300,54113,28,54291.93663465638,54336.906917614484,54796.74891379774,36.11836379460401
2026-01-31 14:00:00,54138,54228,54300,54125,24,54285.84743135577,54332.63605810019,54791.08972062563,41.70324846356453
2026-01-31 15:00:00,54238,54283,54315,54213,61,54285.57624741713,54330.689546017835,54786.034101514924,47.92043399638336
2026-01-31 16:00:00,54212,54212,54212,54212,1,54278.56898575836,54326.03505401714,54780.3223194103,37.78846153846154
2026-01-31 17:00:00,54263,54274,54274,54263,8,54278.133844257565,54323.994463663534,54775.28428638134,41.70485792850595
2026-01-31 18:00:00,54278,54217,54331,54217,52,54272.31157337589,54319.7986023434,54769.72921885516,60.02638522427441
2026-02-01 10:00:00,54220,54205,54296,54178,20,54265.900947340095,54315.29669636915,54764.11002264764,57.77479892761394
2026-02-01 11:00:00,54211,54267,54268,54105,23,54266.00561902199,54313.40270827625,54759.16365426309,61.318407960199
2026-02-01 12:00:00,54211,54234,54234,54105,27,54262.95746482942,54310.288876579136,54753.93814526545,61.54806491885144
2026-02-01 13:00:00,54223,54350,54350,54105,117,54271.24723008376,54311.84617553682,54749.91886023793,62.575941676792226
2026-02-01 14:00:00,54390,54289,54399,54274,116,54272.937970075785,54310.950247084395,54745.33260292213,60.304449648711945
2026-02-01 15:00:00,54350,54253,54350,54238,63,54271.039115782856,54308.6776883752,54740.43377105226,50.0
2026-02-01 16:00:00,54259,54269,54369,54120,191,54270.844914279725,54307.12170059578,54735.742887758206,58.27123695976155
2026-02-01 17:00:00,54292,54156,54319,54156,70,54259.907303395936,54301.19535939594,54729.97430181036,50.51679586563308
2026-02-01 18:00:00,54208,54207,54353,54183,48,54254.868512596324,54297.50142373335,54724.77057741424,52.422360248447205
2026-02-02 08:00:00,54000,54000,54000,54000,6,54230.59532092049,54285.83470123401,54717.55892987778,38.02521008403361
2026-02-02 09:00:00,53946,53681,53972,53546,1669,54178.252909404255,54262.11569334248,54707.24491067502,25.246710526315795
2026-02-02 10:00:00,53686,53784,53999,53449,1474,54140.70501327052,54243.366058309446,54698.05839415089,32.8525641025641
2026-02-02 11:00:00,53781,53654,53784,53586,678,54094.3521548638,54220.25366386594,54687.66975341307,26.443768996960486
2026-02-02 12:00:00,53622,53684,53717,53585,927,54055.27099725773,54199.22410842021,54677.68298969752,29.325058184639246
2026-02-02 13:00:00,53710,53597,53742,53548,353,54011.62614037604,54175.60747671746,54666.92992512341,27.712609970674492
2026-02-02 14:00:00,53582,53655,53655,53502,386,53977.66174605452,54155.191497238346,54656.86097064457,27.5
2026-02-02 15:00:00,53648,53613,53706,53561,543,53942.93205595409,54133.92908558194,54646.474294319756,27.3192111029949
2026-02-02 16:00:00,53567,53494,53651,53450,513,53900.176622053696,54108.83382732383,54635.00688840613,18.804664723032076
2026-02-02 17:00:00,53581,53520,53613,53465,366,53863.969324715246,54085.742304683685,54623.91229250159,21.241585639491404
2026-02-02 18:00:00,53552,53590,53590,53500,466,53837.8770080757,54066.301429990206,54613.62460799909,25.820568927789935
2026-02-02 19:00:00,53590,53670,53782,53590,425,53821.8887215923,54050.760197441574,54604.23530841702,29.128919860627178
2026-02-02 20:00:00,53669,53582,53702,53582,271,53799.04217667875,54032.37744460073,54594.063812810884,29.64539007092199
2026-02-02 21:00:00,53581,53622,53698,53551,210,53782.18101699506,54016.284211479135,54584.3915360665,29.09220872051465
2026-02-02 22:00:00,53606,53716,53778,53606,234,53775.878062995536,54004.50836004858,54575.75082426484,38.958009331259724
2026-02-02 23:00:00,53703,53702,53759,53639,182,53768.84205699596,53992.6452871055,54567.05678621245,51.070336391437316
2026-02-03 09:00:00,53708,53758,53758,53598,280,53767.80948013921,53983.443511140584,54559.00646993174,48.608137044967876
2026-02-03 10:00:00,53732,53553,53828,53477,2428,53747.35143441167,53966.5633734488,54548.996455305554,44.99504459861249
2026-02-03 11:00:00,53543,53483,53559,53480,407,53722.175107324845,53947.600103901794,54538.38952540202,40.419447092469014
2026-02-03 12:00:00,53488,53475,53546,53430,612,53698.634620912955,53929.06676649388,54527.80853509952,43.71134020618556
2026-02-03 13:00:00,53472,53424,53522,53346,644,53672.47894273077,53909.26022663138,54516.82536559604,38.006230529595015
2026-02-03 14:00:00,53423,53387,53503,53349,497,53645.29047199451,53888.77943343014,54505.58332215728,38.20459290187891
2026-02-03 15:00:00,53416,53403,53457,53349,714,53622.21518894741,53869.729259570144,54494.612343827364,44.67836257309941
2026-02-03 16:00:00,53394,53424,53425,53203,1253,53603.3375519048,53852.249680763474,54483.959484684805,44.35294117647059
2026-02-03 17:00:00,53419,53417,53446,53389,253,53585.59111839006,53835.18106583157,54473.34297239939,39.00889453621347
2026-02-03 18:00:00,53411,53361,53423,53261,691,53564.2014880672,53816.58572991661,54462.27488312179,29.750982961992136
2026-02-03 19:00:00,53388,53334,53409,53329,200,53542.27753682271,53797.66079933164,54451.04826736934,32.33618233618233
2026-02-03 20:00:00,53333,53290,53390,53290,288,53518.251104744355,53777.75253269119,54439.49554829104,26.48725212464589
2026-02-03 21:00:00,53329,53423,53424,53306,292,53509.17957095918,53763.84066866409,54429.38116472596,30.335570469798654
2026-02-03 22:00:00,53410,53376,53431,53374,88,53496.495802296406,53748.63123067727,54418.89976010182,29.048843187660665
2026-02-03 23:00:00,53394,53333,53408,53326,177,53480.924773506275,53732.33196672914,54408.09478736449,22.222222222222214
2026-02-04 08:00:00,53541,53424,53541,53424,21,53475.503366505676,53720.24051705349,54398.30279943052,40.09216589861751
2026-02-04 09:00:00,53499,53590,53646,53269,781,53486.407807790856,53715.133045796494,54390.25998550584,57.161981258366794
2026-02-04 10:00:00,53600,53534,53640,53434,861,53490.94039752506,53708.0297890986,54381.73998565006,53.71069182389937
2026-02-04 11:00:00,53558,53458,53558,53445,225,53487.80321680839,53698.22469933003,54372.54854300678,52.073170731707314
2026-02-04 12:00:00,53460,53429,53485,53287,702,53482.20291044569,53687.66686798375,54363.1600002903,52.58620689655173
2026-02-04 13:00:00,53446,53355,53465,53319,227,53470.0883475461,53674.62110845498,54353.128557501346,47.241379310344826
2026-02-04 14:00:00,53337,53208,53351,53130,933,53445.127552541715,53656.32224145675,54341.73424349636,39.156626506024104
2026-02-04 15:00:00,53208,52996,53298,52978,1120,53402.353499918696,53630.427251595705,54328.34385301381,32.47293921731891
2026-02-04 16:00:00,52996,53069,53101,52931,1024,53370.605547545485,53608.410496631164,54315.81306840671,38.01313628899835
2026-02-04 17:00:00,53060,53014,53076,52970,721,53336.64311444591,53585.100281077,54302.85970454197,37.1589085072231
2026-02-04 18:00:00,53002,52996,53005,52825,865,53304.20091307012,53561.998309270064,54289.856125392296,37.950819672131146
2026-02-04 19:00:00,52962,52863,52962,52648,1087,53262.18177849201,53534.58661086732,54275.65855200531,27.049180327868854
2026-02-04 20:00:00,52863,52905,52977,52725,473,53228.164466254675,53509.89693985292,54262.02015845302,30.617283950617278
2026-02-04 21:00:00,52833,52853,52893,52799,175,53192.43451708756,53484.136275544966,54248.000057373894,30.392156862745097
2026-02-04 22:00:00,52844,52922,52949,52833,153,53166.678848793505,53462.091715719675,54234.80602695227,29.118136439267886
2026-02-04 23:00:00,52923,52938,52946,52889,70,53144.89991081317,53441.53909941694,54221.902484395534,19.011406844106475
2026-02-05 08:00:00,52880,52880,52880,52880,3,53119.671347878575,53419.517958263335,54208.55022086921,18.975332068311204
2026-02-05 09:00:00,52849,52622,52849,52547,990,53072.274076652044,53388.24274421379,54192.76365150733,16.18122977346279
2026-02-05 10:00:00,52605,52428,52632,52170,2506,53010.91464078042,53350.58616600933,54175.2038141789,14.275517487508921
2026-02-05 11:00:00,52416,52467,52494,52349,625,52959.113246420384,53315.93572812661,54158.2067613015,17.496339677891655
2026-02-05 12:00:00,52454,52434,52474,52355,367,52909.10246104701,53281.35001329811,54141.050475119395,19.08945686900958
2026-02-05 13:00:00,52429,52351,52580,52294,851,52855.949845709205,53244.86569905113,54123.23902760578,21.28227960819234
2026-02-05 14:00:00,52342,52300,52416,52250,357,52803.00224135595,53207.81214222559,54105.09734573906,15.07720254314259
2026-02-05 15:00:00,52314,52200,52330,51962,1856,52745.57345646491,53168.29009743244,54086.14115324415,14.485165794066319
2026-02-05 16:00:00,52216,52800,52881,52216,2030,52750.75693680158,53153.84734851352,54073.34372883376,44.32870370370371
2026-02-05 17:00:00,52775,52787,52927,52631,1190,52754.208657106195,53139.46117798358,54060.54428874586,47.63681592039801
2026-02-05 18:00:00,52755,52564,52841,52486,557,52736.093546905606,53116.89407296462,54045.65330079815,40.469536053661265
2026-02-05 19:00:00,52569,52351,52576,52261,751,52699.41797100984,53086.85901127973,54028.79107889967,37.12820512820513
2026-02-05 20:00:00,52354,52446,52465,52341,335,52675.28292615176,53061.727285347195,54013.04191393549,37.955465587044536
2026-02-05 21:00:00,52442,52322,52600,52308,562,52641.63693318493,53032.71837219632,53996.21562623465,35.22072936660268
2026-02-05 22:00:00,52350,52207,52380,52207,284,52600.24293954827,53000.33725956118,53978.4124856751,34.28304530593181
2026-02-05 23:00:00,52204,52215,52318,52200,227,52563.55313578177,52969.53971997055,53960.86609278281,39.238498149127444
2026-02-06 08:00:00,52369,52369,52369,52369,3,52545.02426570731,52945.989142716804,53945.02662917304,48.406266882766076
2026-02-06 09:00:00,52449,52444,52485,52304,346,52535.402907068514,52926.30329398281,53930.09104082306,49.390567037625864
2026-02-06 10:00:00,52440,52259,52532,52200,1186,52509.07882068104,52900.13453735604,53913.463269272586,45.708680725846
2026-02-06 11:00:00,52252,52270,52280,52055,1035,52486.309409187605,52875.423379028354,53897.110400921614,47.941026944585666
2026-02-06 12:00:00,52265,52260,52299,52200,247,52464.756132122115,52851.28912887038,53880.82074519106,48.961578400830746
2026-02-06 13:00:00,52263,52310,52367,52244,692,52450.017452872395,52830.0621042088,53865.19068802498,52.9317697228145
2026-02-06 14:00:00,52340,52241,52352,52210,280,52430.11102878931,52806.961629533944,53849.0295866516,29.219330855018598
2026-02-06 15:00:00,52255,52285,52303,52102,433,52416.29093080937,52786.49254602281,53833.46710320233,31.758720930232556
2026-02-06 16:00:00,52283,52221,52362,52210,499,52397.69179454182,52764.31636774741,53817.42265441425,35.907970419063275
2026-02-06 17:00:00,52211,52076,52257,51996,1516,52367.05448077593,52737.32356901222,53800.09506581311,38.0330722367276
2026-02-06 18:00:00,52063,52198,52219,52056,323,52350.95405403536,52716.173625129384,53784.153821377164,39.45578231292518
2026-02-06 19:00:00,52110,52087,52142,52051,191,52325.81557269866,52691.500149634114,53767.266718676896,39.89681857265692
2026-02-06 20:00:00,52086,52082,52123,52020,338,52302.59504196545,52667.5981829818,53750.497895605484,44.06457739791073
2026-02-06 21:00:00,52100,52110,52143,51963,276,52284.25265701636,52645.73158757075,53734.17453346016,45.1071761416589
2026-02-06 22:00:00,52108,52091,52171,52091,95,52265.84764206242,52623.97740766602,53717.82453810235,35.18123667377398
2026-02-06 23:00:00,52091,52068,52091,52009,49,52247.00500948505,52602.17437207127,53701.40837354412,28.781038374717838
2026-02-07 10:00:00,52107,52000,52132,52000,61,52223.48072286743,52578.55969081358,53684.47893699144,33.159947984395316
2026-02-07 11:00:00,52051,52050,52056,52050,12,52206.95874926101,52557.831859801285,53668.21546498158,36.386138613861384
2026-02-07 12:00:00,52002,52112,52153,52001,51,52197.9150588552,52540.348257456135,53652.73073398674,41.3953488372093
2026-02-07 13:00:00,52156,52154,52156,52153,4,52193.73267229756,52525.19734539903,53637.81799036499,40.84507042253521
2026-02-07 14:00:00,52154,52156,52156,52121,14,52190.139084459704,52510.71901812848,53623.07353274942,44.58598726114649
2026-02-07 15:00:00,52157,52209,52209,52157,20,52191.935362130214,52498.8868997705,53609.003149338976,45.21410579345088
2026-02-07 16:00:00,52178,52146,52178,52145,4,52187.56056573686,52485.048197818716,53594.44590407192,45.27112232030265
2026-02-07 17:00:00,52148,52146,52178,52146,58,52183.60241661906,52471.75219006112,53580.03350701648,55.40123456790123
2026-02-07 18:00:00,52144,52145,52216,52144,105,52179.92599598867,52458.93837868617,53565.75456664816,44.971537001897524
2026-02-08 10:00:00,52260,52170,52299,52136,54,52178.980663037364,52447.60746187495,53551.86646150738,59.41043083900226
2026-02-08 11:00:00,52225,52096,52226,52096,26,52171.07774274809,52433.81893395828,53537.38022805955,51.372549019607845
2026-02-08 12:00:00,52085,52031,52155,52031,100,52157.737005343515,52418.02211301874,53522.39137006891,42.77879341864717
2026-02-08 13:00:00,52146,52046,52146,52046,4,52147.09538578699,52403.43301054742,53507.70090867519,45.85635359116022
2026-02-08 14:00:00,52046,51995,52046,51818,461,52132.61011095013,52387.416029741646,53492.649158340115,43.6077057793345
2026-02-08 15:00:00,51988,51919,51990,51845,294,52112.26629085964,52369.04677367335,53476.99095775962,43.005181347150256
2026-02-08 16:00:00,51919,51902,51965,51892,34,52092.240929825384,52350.731213921455,53461.31940594112,36.44688644688645
2026-02-08 17:00:00,51935,51879,51935,51879,28,52071.932269842015,52332.23195063042,53445.57493424022,27.02169625246549
